/* Auto-generated Chinese font subset */
/* 878 Chinese + 117 ASCII glyphs, 26258 bytes */
#include <stdint.h>
#ifndef PROGMEM
#define PROGMEM
#endif
PROGMEM const uint8_t lgfx_cn_font_subset[26258] = {
  0x79, 0x00, 0x03, 0x02, 0x04, 0x04, 0x04, 0x05, 0x05, 0x0C, 0x0C, 0x00, 0xFE, 0x07, 0xFE, 0x08,
  0xFF, 0x01, 0x5B, 0x02, 0xAF, 0x04, 0xBD, 0x00, 0x0B, 0x75, 0x09, 0x2D, 0x92, 0x6A, 0x96, 0x66,
  0x69, 0x52, 0x20, 0x05, 0x00, 0xA8, 0x2D, 0x21, 0x07, 0x71, 0x0B, 0x2D, 0x06, 0x25, 0x22, 0x08,
  0x33, 0x5A, 0x2D, 0x12, 0x4B, 0x00, 0x23, 0x0D, 0x65, 0x09, 0x6D, 0x2A, 0x83, 0x52, 0x4A, 0x92,
  0x41, 0xA9, 0x00, 0x24, 0x0E, 0x95, 0xF9, 0xAC, 0xB2, 0xA5, 0xA2, 0x64, 0x5B, 0xA2, 0x54, 0xB6,
  0x08, 0x25, 0x0A, 0x75, 0x09, 0x2D, 0xA4, 0x29, 0xEB, 0x34, 0x09, 0x26, 0x0E, 0x75, 0x09, 0x6D,
  0xB2, 0x24, 0x4A, 0xB2, 0x4A, 0x22, 0x45, 0x4A, 0x00, 0x27, 0x06, 0x31, 0x5B, 0x2D, 0x06, 0x28,
  0x0B, 0x93, 0xFA, 0xAC, 0x92, 0x28, 0x89, 0x6A, 0x51, 0x16, 0x29, 0x0C, 0x93, 0xFA, 0x2C, 0xB2,
  0x28, 0x8B, 0x2A, 0x51, 0x12, 0x01, 0x2A, 0x0C, 0x75, 0x09, 0xAD, 0x2A, 0x95, 0x2D, 0x5B, 0x9A,
  0x22, 0x00, 0x2B, 0x0A, 0x55, 0x19, 0xAD, 0xC2, 0x68, 0x90, 0xC2, 0x08, 0x2C, 0x08, 0x33, 0xF9,
  0x6C, 0x94, 0x21, 0x01, 0x2D, 0x07, 0x15, 0x39, 0x2D, 0x06, 0x01, 0x2E, 0x07, 0x22, 0x0A, 0x2D,
  0x86, 0x00, 0x2F, 0x0B, 0x75, 0x09, 0x2D, 0xB3, 0x30, 0x2B, 0x66, 0x21, 0x00, 0x30, 0x0A, 0x74,
  0x0A, 0x6D, 0x94, 0xC8, 0x53, 0xA2, 0x00, 0x31, 0x09, 0x73, 0x0A, 0x6D, 0x12, 0xA9, 0xCB, 0x00,
  0x32, 0x0B, 0x75, 0x09, 0x6D, 0x96, 0x2C, 0xCC, 0xDA, 0x06, 0x01, 0x33, 0x0C, 0x75, 0x09, 0x2D,
  0x06, 0x31, 0xCB, 0x54, 0x2D, 0x59, 0x00, 0x34, 0x0D, 0x75, 0x09, 0xED, 0x32, 0x29, 0x29, 0x25,
  0x83, 0x16, 0x26, 0x00, 0x35, 0x0B, 0x75, 0x09, 0x2D, 0x8E, 0x43, 0x1A, 0x6A, 0xC9, 0x02, 0x36,
  0x0D, 0x75, 0x09, 0xAD, 0xA4, 0x2C, 0x1C, 0x92, 0x4C, 0x4B, 0x16, 0x00, 0x37, 0x0B, 0x75, 0x09,
  0x2D, 0x06, 0x31, 0x0B, 0xB3, 0xB0, 0x04, 0x38, 0x0D, 0x75, 0x09, 0x6D, 0x96, 0x4C, 0x4B, 0x96,
  0x4C, 0x4B, 0x16, 0x00, 0x39, 0x0D, 0x75, 0x09, 0x6D, 0x96, 0x4C, 0x4B, 0x86, 0x30, 0x8B, 0x24,
  0x00, 0x3A, 0x08, 0x52, 0x0A, 0x2D, 0x86, 0x68, 0x08, 0x3B, 0x09, 0x63, 0xF9, 0x6C, 0x8C, 0xCA,
  0x90, 0x00, 0x3C, 0x08, 0x53, 0x1A, 0xAD, 0x92, 0x5A, 0x01, 0x3D, 0x08, 0x35, 0x29, 0x2D, 0x06,
  0x75, 0x10, 0x3E, 0x08, 0x53, 0x1A, 0x2D, 0xB2, 0x4A, 0x09, 0x3F, 0x0B, 0x75, 0x09, 0x6D, 0x96,
  0xAC, 0x31, 0x87, 0x22, 0x00, 0x40, 0x0D, 0x75, 0x09, 0x6D, 0x96, 0x4C, 0x19, 0x92, 0x44, 0x19,
  0xD2, 0x05, 0x41, 0x0B, 0x75, 0x09, 0x6D, 0x96, 0x4C, 0x1B, 0x86, 0xCC, 0x16, 0x42, 0x0E, 0x75,
  0x09, 0x2D, 0x86, 0xA8, 0x12, 0x25, 0x53, 0x25, 0x1A, 0x14, 0x00, 0x43, 0x0B, 0x75, 0x09, 0x6D,
  0x96, 0x4C, 0x6C, 0x4B, 0x16, 0x00, 0x44, 0x0F, 0x75, 0x09, 0x2D, 0x86, 0xA8, 0x12, 0x25, 0x51,
  0x12, 0x25, 0xD1, 0xA0, 0x00, 0x45, 0x0B, 0x75, 0x09, 0x2D, 0x8E, 0xE1, 0x90, 0x84, 0xE1, 0x20,
  0x46, 0x0B, 0x75, 0x09, 0x2D, 0x8E, 0xE1, 0x90, 0x84, 0x45, 0x00, 0x47, 0x0B, 0x75, 0x09, 0x6D,
  0x96, 0x4C, 0x2C, 0x6D, 0xC9, 0x02, 0x48, 0x0B, 0x75, 0x09, 0x2D, 0x32, 0xDB, 0x30, 0x64, 0xB6,
  0x00, 0x49, 0x09, 0x73, 0x0A, 0x2D, 0x96, 0xA8, 0xCB, 0x00, 0x4A, 0x0B, 0x75, 0x09, 0xAD, 0xB6,
  0xB0, 0x25, 0x8A, 0x24, 0x00, 0x4B, 0x0D, 0x75, 0x09, 0x2D, 0x32, 0x29, 0x29, 0x69, 0x49, 0x54,
  0xC9, 0x02, 0x4C, 0x09, 0x75, 0x09, 0x2D, 0xC2, 0x1E, 0x07, 0x01, 0x4D, 0x0B, 0x75, 0x09, 0x2D,
  0xB2, 0x65, 0x49, 0x34, 0xB7, 0x00, 0x4E, 0x0C, 0x75, 0x09, 0x2D, 0x32, 0x6D, 0x52, 0x12, 0x69,
  0xD3, 0x02, 0x4F, 0x0A, 0x75, 0x09, 0x6D, 0x96, 0xCC, 0x5B, 0xB2, 0x00, 0x50, 0x0C, 0x75, 0x09,
  0x2D, 0x86, 0x24, 0xD3, 0x06, 0x25, 0x2C, 0x02, 0x51, 0x0B, 0x75, 0x09, 0x6D, 0x96, 0xCC, 0x25,
  0x91, 0x22, 0x25, 0x52, 0x0D, 0x75, 0x09, 0x2D, 0x86, 0x24, 0xD3, 0x06, 0xA5, 0x54, 0xC9, 0x02,
  0x53, 0x0B, 0x75, 0x09, 0x6D, 0x96, 0x4C, 0x5D, 0xB5, 0x64, 0x01, 0x54, 0x09, 0x75, 0x09, 0x2D,
  0x06, 0x29, 0xEC, 0x09, 0x55, 0x09, 0x75, 0x09, 0x2D, 0x32, 0xDF, 0x92, 0x05, 0x56, 0x0C, 0x75,
  0x09, 0x2D, 0x32, 0xB7, 0xA4, 0x94, 0x64, 0x11, 0x00, 0x57, 0x0A, 0x75, 0x09, 0x2D, 0x32, 0x2F,
  0x89, 0xD2, 0x05, 0x58, 0x0C, 0x75, 0x09, 0x2D, 0x32, 0x2D, 0xA9, 0x55, 0x6A, 0x5A, 0x00, 0x59,
  0x0B, 0x75, 0x09, 0x2D, 0x32, 0x2D, 0xA9, 0x85, 0x4D, 0x00, 0x5A, 0x0A, 0x75, 0x09, 0x2D, 0x06,
  0x31, 0xEB, 0x38, 0x08, 0x5B, 0x09, 0x93, 0xFA, 0x2C, 0x86, 0xA8, 0x4F, 0x03, 0x5C, 0x0A, 0x75,
  0x09, 0x2D, 0xD2, 0x30, 0x2D, 0xA6, 0x01, 0x5D, 0x09, 0x93, 0xFA, 0x2C, 0xA6, 0x3E, 0x0D, 0x01,
  0x5E, 0x08, 0x35, 0x59, 0xAD, 0xB2, 0xA4, 0x16, 0x5F, 0x07, 0x15, 0xE9, 0x2C, 0x06, 0x01, 0x60,
  0x07, 0x33, 0x5A, 0x2D, 0xB2, 0x02, 0x61, 0x0A, 0x55, 0x09, 0x6D, 0xD6, 0x64, 0xD0, 0x92, 0x21,
  0x62, 0x0C, 0x75, 0x09, 0x2D, 0xC2, 0x70, 0x48, 0x32, 0xDB, 0xA0, 0x00, 0x63, 0x0A, 0x55, 0x09,
  0x6D, 0x96, 0x4C, 0xCC, 0x92, 0x05, 0x64, 0x0B, 0x75, 0x09, 0x2D, 0x2B, 0x83, 0x66, 0x4B, 0x86,
  0x00, 0x65, 0x0A, 0x55, 0x09, 0x6D, 0x96, 0x6C, 0x50, 0xD2, 0x05, 0x66, 0x0B, 0x75, 0x09, 0xAD,
  0xA4, 0x4A, 0xB6, 0x85, 0x35, 0x00, 0x67, 0x0C, 0x75, 0xE9, 0x6C, 0x96, 0xCC, 0x96, 0x0C, 0x61,
  0xB2, 0x00, 0x68, 0x0B, 0x75, 0x09, 0x2D, 0xC2, 0x70, 0x48, 0x32, 0xB7, 0x00, 0x69, 0x08, 0x73,
  0x0A, 0x6D, 0x42, 0xA9, 0x65, 0x6A, 0x0B, 0x94, 0xEA, 0xEC, 0x62, 0xAD, 0x4D, 0x4A, 0x14, 0x00,
  0x6B, 0x0B, 0x75, 0x09, 0x2D, 0xC2, 0x9A, 0x94, 0x4C, 0x95, 0x2C, 0x6C, 0x08, 0x73, 0x0A, 0x2D,
  0xA4, 0x5E, 0x06, 0x6D, 0x0C, 0x55, 0x09, 0x2D, 0x94, 0x16, 0x25, 0x51, 0x12, 0xA5, 0x00, 0x6E,
  0x09, 0x55, 0x09, 0x2D, 0x12, 0x93, 0x66, 0x0B, 0x6F, 0x0A, 0x55, 0x09, 0x6D, 0x96, 0xCC, 0x96,
  0x2C, 0x00, 0x70, 0x0C, 0x75, 0xE9, 0x2C, 0x86, 0x24, 0xB3, 0x0D, 0x4A, 0x18, 0x02, 0x71, 0x0B,
  0x75, 0xE9, 0x6C, 0x06, 0xCD, 0x96, 0x0C, 0x61, 0x01, 0x72, 0x09, 0x55, 0x09, 0x2D, 0x12, 0x93,
  0x58, 0x04, 0x73, 0x09, 0x55, 0x09, 0x6D, 0x06, 0xF5, 0xA0, 0x00, 0x74, 0x0B, 0x75, 0x09, 0xAD,
  0xC2, 0x68, 0x90, 0xC2, 0xAA, 0x00, 0x75, 0x09, 0x55, 0x09, 0x2D, 0x32, 0x27, 0x45, 0x09, 0x76,
  0x0A, 0x55, 0x09, 0x2D, 0x32, 0x5B, 0x52, 0x8B, 0x00, 0x77, 0x0A, 0x55, 0x09, 0x2D, 0x32, 0x4B,
  0xA2, 0x74, 0x01, 0x78, 0x0A, 0x55, 0x09, 0x2D, 0xB2, 0xA4, 0x56, 0xA9, 0x05, 0x79, 0x0A, 0x75,
  0xE9, 0x2C, 0x32, 0x5B, 0x52, 0x6B, 0x04, 0x7A, 0x09, 0x55, 0x09, 0x2D, 0x06, 0xAD, 0x6D, 0x10,
  0x7B, 0x0B, 0x93, 0xFA, 0xAC, 0x92, 0xA8, 0x92, 0x45, 0xB5, 0x00, 0x7C, 0x06, 0x91, 0xFB, 0x2C,
  0x1E, 0x7D, 0x0B, 0x93, 0xFA, 0x2C, 0xB2, 0xA8, 0x96, 0x44, 0x95, 0x08, 0x7E, 0x0A, 0x35, 0x29,
  0x6D, 0x22, 0x25, 0x91, 0x12, 0x00, 0xA4, 0x09, 0x55, 0x09, 0x2D, 0x92, 0xDE, 0x92, 0x1E, 0xA7,
  0x0E, 0xA4, 0xF9, 0x6C, 0x94, 0x48, 0x54, 0x22, 0x29, 0x11, 0xA5, 0x44, 0x01, 0xA8, 0x07, 0x13,
  0x7A, 0x2D, 0x92, 0x00, 0xAF, 0x07, 0x15, 0x79, 0x2D, 0x06, 0x01, 0xB0, 0x0A, 0x44, 0x5A, 0x6D,
  0x94, 0x48, 0x4A, 0x14, 0x00, 0xB1, 0x0C, 0x75, 0x09, 0xAD, 0xC2, 0x68, 0x90, 0xC2, 0x1C, 0x18,
  0x04, 0xB7, 0x07, 0x22, 0x3B, 0x2D, 0x86, 0x00, 0xD7, 0x0A, 0x55, 0x19, 0x2D, 0xB2, 0xA4, 0x56,
  0xA9, 0x05, 0xE0, 0x0D, 0x85, 0x09, 0x6D, 0xD2, 0x1C, 0x59, 0x93, 0x41, 0x4B, 0x86, 0x00, 0xE1,
  0x0C, 0x85, 0x09, 0xED, 0xEA, 0xC8, 0x9A, 0x0C, 0x5A, 0x32, 0x04, 0xE8, 0x0D, 0x85, 0x09, 0x6D,
  0xD2, 0x1C, 0x59, 0xB2, 0x41, 0x49, 0x17, 0x00, 0xE9, 0x0C, 0x85, 0x09, 0xED, 0xEA, 0xC8, 0x92,
  0x0D, 0x4A, 0xBA, 0x00, 0xEA, 0x0D, 0x85, 0x09, 0xAD, 0xB2, 0x24, 0x07, 0x96, 0x6C, 0x50, 0xD2,
  0x05, 0xEC, 0x09, 0x83, 0x0A, 0x2D, 0xB2, 0x50, 0x6A, 0x19, 0xED, 0x09, 0x83, 0x0A, 0xAD, 0x92,
  0x50, 0x6A, 0x19, 0xF2, 0x0C, 0x85, 0x09, 0x6D, 0xD2, 0x1C, 0x59, 0x32, 0x5B, 0xB2, 0x00, 0xF3,
  0x0B, 0x85, 0x09, 0xED, 0xEA, 0xC8, 0x92, 0xD9, 0x92, 0x05, 0xF7, 0x0A, 0x55, 0x19, 0xAD, 0x72,
  0x60, 0xD0, 0x81, 0x08, 0xF9, 0x0B, 0x85, 0x09, 0x6D, 0xD2, 0x1C, 0xC8, 0xDC, 0x92, 0x05, 0xFA,
  0x0B, 0x85, 0x09, 0xED, 0xEA, 0x40, 0xE6, 0x96, 0x2C, 0x00, 0xFC, 0x0A, 0x75, 0x09, 0x6D, 0xCA,
  0x99, 0x5B, 0xB2, 0x00, 0x00, 0x04, 0xFF, 0x1F, 0x30, 0x01, 0x08, 0x32, 0xE9, 0x38, 0xA2, 0x24,
  0x30, 0x02, 0x0A, 0x34, 0xE9, 0x78, 0x94, 0x28, 0x51, 0x00, 0x4E, 0x00, 0x08, 0x1A, 0x49, 0x39,
  0x1E, 0x02, 0x4E, 0x09, 0x0F, 0xAB, 0xF8, 0x78, 0x86, 0x3B, 0x2F, 0xC3, 0x90, 0xF3, 0x71, 0x38,
  0x08, 0x4E, 0x0A, 0x18, 0xCB, 0xE8, 0x78, 0x73, 0x2C, 0xC7, 0x72, 0x2C, 0xC7, 0x72, 0x6C, 0x90,
  0x73, 0x2C, 0xC7, 0x72, 0x2C, 0xC7, 0xD2, 0xE1, 0x20, 0x4E, 0x0B, 0x18, 0xBB, 0xE8, 0x38, 0x1E,
  0xD4, 0x1C, 0xCB, 0xB1, 0x1D, 0x89, 0x72, 0x20, 0x8B, 0x73, 0x2C, 0xC7, 0x72, 0x2C, 0xC7, 0x52,
  0x00, 0x4E, 0x0D, 0x18, 0xBB, 0xE8, 0x78, 0x86, 0x43, 0x9C, 0x43, 0x39, 0xA6, 0x23, 0x46, 0x25,
  0x4B, 0xB4, 0x30, 0xCD, 0xB1, 0x1C, 0xCB, 0xB1, 0x14, 0x4E, 0x0E, 0x1B, 0xCB, 0xE8, 0xF8, 0x72,
  0x2C, 0xC7, 0x86, 0x21, 0xCC, 0xB1, 0x41, 0x0D, 0x73, 0x2C, 0x1B, 0x0E, 0x3A, 0x90, 0x63, 0x39,
  0x96, 0x23, 0x22, 0x00, 0x4E, 0x13, 0x15, 0xBB, 0xF8, 0x78, 0x73, 0x2C, 0x07, 0x0E, 0x6A, 0x3C,
  0x1C, 0xC4, 0x1C, 0xCB, 0xA1, 0x61, 0xE7, 0x30, 0x02, 0x4E, 0x14, 0x11, 0xBA, 0xE9, 0xB8, 0x86,
  0xB1, 0xE3, 0x30, 0x76, 0x1C, 0xC6, 0x3E, 0x0D, 0x87, 0x00, 0x4E, 0x1D, 0x16, 0xBB, 0xF8, 0xF8,
  0xC2, 0x34, 0xAC, 0x63, 0x61, 0x38, 0x24, 0x83, 0xD8, 0xC7, 0x21, 0x19, 0x72, 0x74, 0x38, 0x08,
  0x4E, 0x22, 0x1B, 0xCB, 0xE8, 0xB8, 0xC7, 0x21, 0xC7, 0x72, 0x2C, 0x0A, 0x87, 0x21, 0x07, 0x72,
  0x2C, 0x1C, 0x1E, 0x73, 0x28, 0x87, 0x86, 0x21, 0x07, 0x13, 0x00, 0x4E, 0x24, 0x1D, 0xCB, 0xE8,
  0xF8, 0xB1, 0xE1, 0x31, 0x0A, 0x87, 0x43, 0x12, 0xB5, 0x44, 0x2D, 0x51, 0x4B, 0x62, 0x4A, 0xA4,
  0x68, 0xC9, 0x01, 0x25, 0x47, 0xEA, 0x40, 0x02, 0x4E, 0x2A, 0x19, 0xCB, 0xE8, 0x78, 0x73, 0x2C,
  0x87, 0x92, 0x1C, 0xC8, 0xD2, 0xA8, 0xD6, 0x12, 0x56, 0x73, 0x2C, 0xC7, 0x72, 0x2C, 0xC7, 0x52,
  0x00, 0x4E, 0x2D, 0x18, 0xC9, 0xE9, 0x38, 0x73, 0x24, 0x1C, 0x0E, 0x59, 0xA6, 0x65, 0x5A, 0x36,
  0x1C, 0xC2, 0x1C, 0xC9, 0x91, 0x1C, 0xC9, 0x91, 0x10, 0x4E, 0x32, 0x17, 0xCB, 0xE8, 0x78, 0x73,
  0x2C, 0x1E, 0x4E, 0x59, 0x69, 0x38, 0xA7, 0xC3, 0x63, 0x38, 0xBC, 0xE6, 0x58, 0x8E, 0xA5, 0x00,
  0x4E, 0x34, 0x1D, 0xCA, 0xE9, 0x78, 0xB2, 0x34, 0x47, 0xA4, 0x61, 0x50, 0xE2, 0x49, 0x13, 0x33,
  0x65, 0xB8, 0x44, 0xD1, 0x12, 0x55, 0x4A, 0x95, 0x64, 0x18, 0x92, 0x6A, 0x00, 0x4E, 0x3A, 0x1A,
  0xCB, 0xE8, 0xB8, 0x73, 0x20, 0xCA, 0x91, 0x3A, 0x96, 0x0D, 0xAF, 0x61, 0x35, 0x4C, 0xA4, 0xAC,
  0x54, 0x07, 0x92, 0x1C, 0xC8, 0xA1, 0x08, 0x4E, 0x3B, 0x19, 0xCB, 0xE8, 0x38, 0x73, 0x30, 0x1E,
  0xCE, 0x39, 0x96, 0x63, 0x39, 0x70, 0xC8, 0x81, 0x1C, 0xCB, 0xB1, 0x1C, 0x4B, 0x87, 0x83, 0x00,
  0x4E, 0x3E, 0x1B, 0xCB, 0xE8, 0xF8, 0xA1, 0x30, 0x89, 0x72, 0x28, 0x1B, 0x0E, 0x5A, 0x35, 0xAA,
  0x25, 0x83, 0x32, 0xE6, 0xC0, 0x41, 0xCE, 0xB1, 0x1C, 0x4B, 0x01, 0x4E, 0x45, 0x1A, 0xCB, 0xE8,
  0x38, 0x73, 0x2C, 0xC7, 0x86, 0x38, 0x8B, 0xB3, 0x34, 0x4B, 0xC3, 0x1C, 0xCA, 0xA1, 0x24, 0x07,
  0xB2, 0xB4, 0xA4, 0x03, 0x02, 0x4E, 0x49, 0x17, 0xBA, 0xE9, 0x38, 0xB3, 0x24, 0x8B, 0xB2, 0x34,
  0x47, 0xD2, 0x2C, 0xCE, 0xB1, 0x1C, 0xCB, 0xB1, 0x1C, 0xDC, 0x91, 0x00, 0x4E, 0x4B, 0x1B, 0xCC,
  0xE8, 0x78, 0x73, 0x30, 0x47, 0x86, 0x41, 0x07, 0x73, 0x2C, 0xC7, 0x72, 0x2C, 0x07, 0xA2, 0x1C,
  0xA9, 0x43, 0x3A, 0x14, 0xC9, 0xE9, 0x30, 0x4E, 0x52, 0x1B, 0xCB, 0xE8, 0xF8, 0x01, 0x75, 0xC8,
  0x81, 0x1C, 0x4B, 0xC3, 0x61, 0x08, 0xB3, 0x38, 0xCB, 0x86, 0x83, 0x4E, 0xC9, 0x21, 0x1D, 0xC9,
  0x11, 0x00, 0x4E, 0x53, 0x19, 0xCB, 0xE8, 0xF8, 0x01, 0x75, 0xC8, 0x81, 0x1C, 0x0B, 0xD3, 0x61,
  0xCD, 0xE2, 0x2C, 0x1B, 0x0E, 0x3A, 0x31, 0x07, 0x73, 0x30, 0x01, 0x4E, 0x58, 0x1C, 0xCB, 0xE8,
  0xB8, 0xC7, 0x21, 0xC7, 0xD2, 0xE1, 0xA0, 0x25, 0xC5, 0xA5, 0xA2, 0x25, 0x89, 0xA8, 0x94, 0x96,
  0xD2, 0x38, 0x2B, 0x89, 0xA4, 0x65, 0x02, 0x4E, 0x5F, 0x1E, 0xCB, 0xE8, 0x78, 0x73, 0x20, 0xCA,
  0x81, 0x28, 0x07, 0xA2, 0x21, 0x1C, 0xA2, 0x68, 0x2A, 0x46, 0xC5, 0xA8, 0x18, 0xAD, 0x39, 0x10,
  0xE5, 0x40, 0x36, 0x0C, 0x02, 0x4E, 0x86, 0x16, 0xB9, 0xE9, 0x38, 0xDE, 0x81, 0x1C, 0x88, 0x75,
  0x20, 0x47, 0x72, 0x24, 0x47, 0x72, 0x24, 0x47, 0x72, 0x40, 0x04, 0x4E, 0x89, 0x1C, 0xCB, 0xE8,
  0x38, 0x73, 0x6C, 0x48, 0xB5, 0x1C, 0x8A, 0x87, 0x21, 0x07, 0xA2, 0x68, 0x38, 0xA8, 0x51, 0x38,
  0x0C, 0x39, 0x90, 0x63, 0x39, 0xA4, 0x02, 0x4E, 0x8B, 0x1C, 0xCB, 0xE8, 0x78, 0xD3, 0xE1, 0x20,
  0x35, 0x0E, 0x43, 0x0E, 0xC4, 0xC3, 0xA0, 0x03, 0x51, 0x34, 0x1C, 0xD4, 0x28, 0x1B, 0x06, 0x1D,
  0xC8, 0x21, 0x15, 0x4E, 0x8C, 0x0C, 0x8B, 0x08, 0x79, 0x86, 0x3B, 0xFF, 0x38, 0x1C, 0x04, 0x4E,
  0x8E, 0x17, 0xBB, 0xE8, 0x78, 0x86, 0x73, 0x8E, 0xE5, 0x58, 0x3A, 0x1C, 0xD4, 0x1C, 0xCB, 0xB1,
  0x1C, 0xCB, 0xB1, 0x1C, 0x52, 0x01, 0x4E, 0x92, 0x18, 0xBB, 0xE8, 0x78, 0x86, 0x63, 0x8E, 0xE5,
  0xD8, 0x20, 0x67, 0x69, 0x98, 0x86, 0xE1, 0xB0, 0x63, 0x39, 0x16, 0x0E, 0x07, 0x01, 0x4E, 0x94,
  0x18, 0xBA, 0xE9, 0x78, 0x86, 0x41, 0xCD, 0xA1, 0x1C, 0x8A, 0x87, 0x21, 0x8E, 0xE2, 0x28, 0xCD,
  0xD2, 0x2C, 0xCD, 0xA2, 0xE1, 0x10, 0x4E, 0x9B, 0x1D, 0xCB, 0xE8, 0xF8, 0xA2, 0x34, 0x89, 0xD2,
  0x44, 0x89, 0x2A, 0xD1, 0x96, 0x44, 0x59, 0x92, 0x0C, 0xD9, 0xA0, 0x0D, 0x39, 0x3C, 0x0C, 0x39,
  0xDB, 0x70, 0x10, 0x4E, 0xA1, 0x18, 0xBB, 0xF8, 0x78, 0x73, 0x2C, 0xC7, 0xD2, 0xE1, 0x20, 0xE5,
  0x58, 0x8E, 0xE5, 0x58, 0x8E, 0xE5, 0x58, 0x0E, 0x0E, 0x43, 0x02, 0x4E, 0xA4, 0x1A, 0xCB, 0xE8,
  0x78, 0x73, 0x2C, 0x1D, 0x0E, 0x5A, 0x39, 0x6C, 0x89, 0x92, 0x2C, 0x07, 0x92, 0x1C, 0xCA, 0xA1,
  0x24, 0xD6, 0x24, 0x1D, 0x10, 0x4E, 0xA7, 0x18, 0xBA, 0xE8, 0x78, 0xD3, 0xE1, 0x16, 0xA6, 0x51,
  0x38, 0x0C, 0x52, 0x0E, 0xE5, 0x50, 0x8E, 0xE4, 0x50, 0x8E, 0xE4, 0x10, 0x00, 0x4E, 0xAB, 0x1B,
  0xCB, 0xE8, 0x78, 0xD3, 0xE1, 0x20, 0x0D, 0x43, 0x98, 0x86, 0xC3, 0x90, 0x53, 0x86, 0x21, 0x47,
  0xC2, 0xE1, 0xA0, 0xE6, 0x58, 0x0E, 0xA9, 0x00, 0x4E, 0xAE, 0x1C, 0xCB, 0xE8, 0x78, 0xD3, 0xE1,
  0xA0, 0xC3, 0xC3, 0x10, 0xA6, 0xE1, 0x30, 0xE4, 0xF0, 0xF0, 0x96, 0x64, 0x61, 0x92, 0x03, 0x51,
  0x96, 0x88, 0x43, 0x00, 0x4E, 0xB2, 0x19, 0xBB, 0xE8, 0x78, 0x86, 0x63, 0x96, 0x03, 0xF1, 0x70,
  0x50, 0x73, 0xAC, 0x34, 0x1C, 0x93, 0x1C, 0x50, 0x22, 0x29, 0xCB, 0xC4, 0x18, 0x4E, 0xBA, 0x1A,
  0xCB, 0xE8, 0x78, 0x73, 0x2C, 0xC7, 0x72, 0x2C, 0xC7, 0x72, 0x2C, 0x87, 0x92, 0x1C, 0xA9, 0x03,
  0x59, 0x5A, 0xCB, 0x81, 0x24, 0x87, 0x02, 0x4E, 0xC5, 0x1B, 0xCB, 0xE8, 0xF8, 0x72, 0x2C, 0x19,
  0xA6, 0x1C, 0x88, 0x8A, 0x89, 0x94, 0x25, 0xA5, 0xAC, 0x29, 0xAB, 0x84, 0xD5, 0x62, 0x2C, 0x25,
  0x69, 0x00, 0x4E, 0xCD, 0x1E, 0xCB, 0xE8, 0xF8, 0x72, 0x6C, 0x58, 0x93, 0x28, 0x8C, 0x8A, 0x51,
  0x4D, 0x8A, 0x86, 0x24, 0xAA, 0x44, 0xC5, 0xA8, 0x18, 0x25, 0x69, 0x94, 0xA4, 0x91, 0xA8, 0x00,
  0x4E, 0xCE, 0x1D, 0xCC, 0xE8, 0xF8, 0xC2, 0x38, 0x8C, 0xC3, 0x38, 0x8C, 0xC3, 0x38, 0x8C, 0xC3,
  0x34, 0x89, 0x92, 0x30, 0x89, 0x92, 0x2C, 0xD3, 0xA2, 0x30, 0x4B, 0xC2, 0x34, 0x4E, 0xD6, 0x1F,
  0xCB, 0xE8, 0xF8, 0xCA, 0x49, 0x35, 0x4A, 0xD2, 0x28, 0x99, 0xA4, 0xA5, 0x32, 0x24, 0xB5, 0x28,
  0xA9, 0x45, 0x49, 0x2D, 0x4A, 0xC4, 0x28, 0x8C, 0x8A, 0x51, 0x36, 0x08, 0x4E, 0xE3, 0x1B, 0xCB,
  0xE8, 0xF8, 0xA2, 0x24, 0x8D, 0x8A, 0x51, 0x9C, 0x0D, 0xD2, 0xA0, 0x8A, 0x59, 0x12, 0xA6, 0x61,
  0x5A, 0x4C, 0x93, 0x28, 0x96, 0x72, 0x20, 0x4E, 0xE4, 0x1C, 0xCB, 0xE8, 0x78, 0x73, 0x2C, 0x87,
  0x92, 0x1C, 0xC8, 0xD2, 0x61, 0x88, 0x74, 0x40, 0x1A, 0x06, 0x39, 0x8B, 0xB3, 0x38, 0xD1, 0x81,
  0x1C, 0x4B, 0x01, 0x4E, 0xE5, 0x1C, 0xCC, 0xE8, 0xB8, 0xE2, 0x30, 0x0E, 0x93, 0xB0, 0x94, 0x85,
  0x51, 0x16, 0x66, 0x51, 0x18, 0x87, 0x49, 0x18, 0xDA, 0xE2, 0xA4, 0xAA, 0x85, 0x32, 0x00, 0x4E,
  0xEC, 0x20, 0xCB, 0xE8, 0xB8, 0x72, 0x2C, 0x4A, 0x86, 0x38, 0x4B, 0xA2, 0x74, 0x4A, 0x93, 0x28,
  0x4D, 0xA2, 0x34, 0x89, 0xD2, 0x24, 0x4A, 0x93, 0x28, 0x4D, 0xA2, 0x34, 0x89, 0xC2, 0x04, 0x4E,
  0xF6, 0x1A, 0xCB, 0xE8, 0xF8, 0xCA, 0x49, 0x39, 0xA9, 0x26, 0xC3, 0x96, 0x44, 0xE1, 0x56, 0x19,
  0x4E, 0x61, 0x1A, 0xA6, 0x61, 0x1A, 0xA6, 0x61, 0x06, 0x4E, 0xFB, 0x1B, 0xCC, 0xE8, 0xF8, 0x42,
  0x75, 0xD0, 0x81, 0x2C, 0x0E, 0xE3, 0x30, 0x1D, 0x5E, 0xC2, 0x38, 0x8C, 0xC3, 0x38, 0x8C, 0x93,
  0x61, 0xC8, 0x72, 0x08, 0x4E, 0xFD, 0x1A, 0xBB, 0xE9, 0xF8, 0x32, 0x35, 0x89, 0xC2, 0x28, 0xAB,
  0x84, 0xD1, 0xAC, 0x44, 0x83, 0x56, 0xCA, 0x4A, 0x59, 0x94, 0x55, 0xC2, 0xCC, 0x04, 0x4F, 0x11,
  0x1D, 0xCC, 0xE8, 0xF8, 0xEA, 0x40, 0x96, 0x03, 0x59, 0x3C, 0xDC, 0xC2, 0x54, 0xDB, 0x92, 0x6C,
  0x8D, 0x92, 0x62, 0x12, 0xD5, 0xB4, 0x52, 0x18, 0x87, 0x21, 0x00, 0x4F, 0x18, 0x1D, 0xCB, 0xE8,
  0xB8, 0xB2, 0x38, 0x4B, 0x72, 0xA4, 0x16, 0x66, 0xC3, 0x4B, 0x96, 0x84, 0x59, 0x12, 0x46, 0xC5,
  0xA8, 0x18, 0xB5, 0xD4, 0x86, 0x44, 0x47, 0x00, 0x4F, 0x1A, 0x1C, 0xCB, 0xE8, 0x78, 0x73, 0x2C,
  0x87, 0x92, 0x1C, 0xC8, 0xD2, 0x61, 0x88, 0x74, 0x40, 0x47, 0x87, 0x6B, 0x92, 0x03, 0x91, 0x38,
  0x48, 0x39, 0x16, 0x01, 0x4F, 0x20, 0x1C, 0xCB, 0xE8, 0xF8, 0xCA, 0x59, 0x9A, 0x0C, 0x5B, 0x18,
  0x0E, 0x07, 0x25, 0x8B, 0xA3, 0x1C, 0x88, 0x06, 0x2D, 0x2A, 0x66, 0x6A, 0x98, 0x86, 0x19, 0x00,
  0x4F, 0x2A, 0x1D, 0xCB, 0xE8, 0xF8, 0xCA, 0x49, 0x35, 0x4C, 0x93, 0x61, 0x48, 0xC4, 0x48, 0x09,
  0xA3, 0x9A, 0x54, 0x4D, 0xA2, 0x62, 0x94, 0xA4, 0x91, 0x9A, 0xA5, 0x11, 0x00, 0x4F, 0x30, 0x1C,
  0xCB, 0xE8, 0xF8, 0xCA, 0x59, 0x3C, 0x0C, 0x52, 0x98, 0x86, 0xA1, 0x98, 0x25, 0xD1, 0xA0, 0x45,
  0x59, 0x29, 0x2B, 0x65, 0xA5, 0xAC, 0x34, 0x28, 0x00, 0x4F, 0x3C, 0x22, 0xCC, 0xE8, 0xB8, 0xE2,
  0x30, 0x09, 0x2B, 0x61, 0x16, 0x25, 0x51, 0x16, 0x55, 0x22, 0x29, 0xCC, 0xA2, 0x30, 0x8B, 0xC2,
  0x2C, 0x4A, 0x12, 0x2D, 0x92, 0x92, 0x68, 0xAB, 0x84, 0x29, 0x00, 0x4F, 0x46, 0x20, 0xCC, 0xE8,
  0xF8, 0x72, 0x30, 0x19, 0xD4, 0x24, 0x0B, 0xA3, 0x2C, 0x8C, 0x06, 0x4D, 0xCA, 0xA2, 0x24, 0xCA,
  0xC2, 0x28, 0x0B, 0xA3, 0x41, 0xCC, 0xC1, 0x1C, 0x4C, 0x86, 0x41, 0x4F, 0x4D, 0x1A, 0xCB, 0xE8,
  0xF8, 0xCA, 0x59, 0x9C, 0xA5, 0xC9, 0x30, 0x44, 0x71, 0xA4, 0x84, 0x49, 0x29, 0x2B, 0x65, 0xA5,
  0x62, 0x54, 0xAC, 0x0E, 0x07, 0x4F, 0x4E, 0x20, 0xCB, 0xE8, 0xF8, 0x42, 0x71, 0x90, 0xA5, 0x34,
  0x89, 0xD2, 0x64, 0x18, 0x12, 0x25, 0xCA, 0x92, 0x52, 0x9A, 0x64, 0x61, 0xB2, 0x84, 0x62, 0x12,
  0xC5, 0x52, 0x32, 0x28, 0x01, 0x4F, 0x4F, 0x1D, 0xCB, 0xE8, 0xF8, 0xA2, 0x1C, 0xC8, 0xE2, 0x61,
  0x90, 0xC2, 0x34, 0x0C, 0xC5, 0x2C, 0x89, 0x06, 0x2D, 0x4C, 0xC3, 0x34, 0x4C, 0xC3, 0x34, 0x19,
  0x86, 0x00, 0x4F, 0x53, 0x1E, 0xCC, 0xE8, 0xF8, 0xEA, 0x40, 0x96, 0x03, 0x59, 0x3C, 0xDC, 0xC2,
  0x54, 0xDB, 0x92, 0x6C, 0x8D, 0x92, 0x62, 0x12, 0xD5, 0x94, 0x41, 0x89, 0xC2, 0x38, 0x0C, 0x01,
  0x4F, 0x55, 0x21, 0xCC, 0xE8, 0xF8, 0x72, 0x70, 0xB8, 0xA5, 0x61, 0x1C, 0x26, 0x43, 0x92, 0x29,
  0x51, 0x12, 0x25, 0xA5, 0x24, 0x4C, 0xA2, 0x24, 0x4C, 0x86, 0x24, 0x8C, 0xC3, 0x38, 0x4C, 0x25,
  0x00, 0x4F, 0x59, 0x1A, 0xCB, 0xE8, 0x78, 0x73, 0x2C, 0x87, 0x92, 0x58, 0x93, 0x94, 0x41, 0x51,
  0xE3, 0xE1, 0x9C, 0x03, 0x51, 0x31, 0xCA, 0xA2, 0xAC, 0xAA, 0x02, 0x4F, 0x5C, 0x1E, 0xCB, 0xE8,
  0xF8, 0xA2, 0x1C, 0x88, 0x72, 0x20, 0x1A, 0xA4, 0x4A, 0x1A, 0x25, 0xA1, 0x12, 0x0D, 0x4A, 0x98,
  0x86, 0x69, 0x38, 0x44, 0x61, 0x1A, 0xA6, 0x61, 0x06, 0x4F, 0x73, 0x1D, 0xCB, 0xE8, 0xB8, 0xB2,
  0x38, 0x8B, 0x87, 0x41, 0x0A, 0xD3, 0x30, 0x54, 0x86, 0x41, 0x09, 0xD3, 0x30, 0x4D, 0x86, 0x21,
  0x0A, 0xD3, 0x30, 0x1D, 0x0E, 0x01, 0x4F, 0x7F, 0x1F, 0xCB, 0xE8, 0xF8, 0xCA, 0xC3, 0xA0, 0x55,
  0x93, 0x61, 0x88, 0x92, 0xA8, 0xA2, 0x44, 0x91, 0x92, 0x0C, 0x43, 0x94, 0x44, 0x69, 0x94, 0xA4,
  0x99, 0x1A, 0x15, 0x47, 0x01, 0x4F, 0x8B, 0x22, 0xCB, 0xE8, 0xB8, 0x72, 0x20, 0x1A, 0x86, 0x24,
  0x4A, 0xB2, 0xA4, 0x94, 0x25, 0x95, 0x21, 0x49, 0x96, 0x28, 0x69, 0x51, 0x5A, 0xA4, 0x4A, 0x2D,
  0x4A, 0x4A, 0x69, 0x52, 0x4E, 0x64, 0x01, 0x4F, 0x9B, 0x20, 0xCC, 0xE8, 0xF8, 0xA2, 0x6A, 0x54,
  0x8D, 0x8A, 0xC9, 0x30, 0x64, 0xA5, 0x4C, 0x8B, 0x2A, 0x59, 0x14, 0x0E, 0x87, 0x28, 0x07, 0xB3,
  0x28, 0x8C, 0xC2, 0x2C, 0x49, 0x13, 0x00, 0x4F, 0x9D, 0x1B, 0xCB, 0xE8, 0xF8, 0xCA, 0x59, 0x3C,
  0x0C, 0x52, 0x98, 0x66, 0x15, 0x29, 0xE9, 0x62, 0x54, 0xAA, 0x51, 0x31, 0x2A, 0x46, 0x4B, 0x96,
  0x88, 0x01, 0x4F, 0xA7, 0x23, 0xCB, 0xE8, 0xB8, 0x72, 0x2C, 0x19, 0xA2, 0x30, 0x52, 0x4A, 0x8A,
  0x32, 0x29, 0x4A, 0x49, 0x51, 0x4A, 0x8A, 0x52, 0x52, 0xA2, 0x24, 0x0B, 0x93, 0x28, 0xC9, 0x92,
  0x72, 0x92, 0x03, 0x09, 0x00, 0x4F, 0xBF, 0x1E, 0xCB, 0xE8, 0xF8, 0x72, 0x6C, 0x18, 0xB4, 0x6A,
  0x32, 0x0C, 0x51, 0x12, 0x55, 0x94, 0x61, 0x50, 0x4A, 0x2D, 0xC3, 0x10, 0x55, 0xD2, 0x4C, 0x8D,
  0x8A, 0xA3, 0x00, 0x4F, 0xDD, 0x1E, 0xCB, 0xE8, 0xB8, 0x72, 0x2C, 0x19, 0xB6, 0x24, 0x8C, 0x8A,
  0x51, 0x34, 0x2C, 0x62, 0x3A, 0x1C, 0x92, 0x6C, 0x8C, 0x92, 0x5A, 0x12, 0x95, 0xB4, 0x4A, 0x18,
  0x02, 0x4F, 0xE1, 0x1D, 0xCB, 0xE8, 0xF8, 0xA2, 0x35, 0xC7, 0x86, 0x41, 0xCA, 0xB1, 0x68, 0x90,
  0x74, 0xA4, 0x34, 0x68, 0x39, 0x16, 0x0D, 0x5A, 0x94, 0x95, 0xB2, 0xD2, 0xA0, 0x00, 0x4F, 0xEE,
  0x22, 0xCC, 0xE8, 0xB8, 0xEA, 0x48, 0x34, 0x6C, 0x89, 0x56, 0x89, 0x92, 0x30, 0xC9, 0x2C, 0x43,
  0x94, 0x25, 0x59, 0xA4, 0x54, 0x94, 0x30, 0xC9, 0xA2, 0x4A, 0x22, 0x65, 0xA9, 0x18, 0xAD, 0x00,
  0x50, 0x12, 0x20, 0xCB, 0xE8, 0xB8, 0x72, 0x20, 0x1A, 0xA6, 0x2E, 0xA5, 0xA4, 0xCB, 0xA2, 0x6C,
  0x51, 0x52, 0x19, 0x96, 0x5A, 0x94, 0xD4, 0xA2, 0xA4, 0x36, 0x25, 0x89, 0x9A, 0xE4, 0x80, 0x00,
  0x50, 0x19, 0x20, 0xCB, 0xE8, 0xB8, 0x72, 0x2C, 0x1A, 0xB4, 0x38, 0x4A, 0x86, 0x41, 0x69, 0x55,
  0x92, 0x41, 0x4A, 0xA4, 0x30, 0xC9, 0xC2, 0x64, 0x18, 0x94, 0x52, 0x92, 0x35, 0x25, 0x6A, 0x00,
  0x50, 0x3C, 0x1F, 0xCB, 0xE8, 0xF8, 0xCA, 0xC3, 0x90, 0x85, 0x69, 0x98, 0x44, 0xCA, 0xB0, 0x54,
  0x86, 0x2D, 0x09, 0xB3, 0x64, 0xD8, 0x92, 0x61, 0x4B, 0xC2, 0x6C, 0x38, 0xE5, 0x08, 0x00, 0x50,
  0x47, 0x26, 0xCC, 0xE8, 0xB8, 0x72, 0x70, 0x50, 0x36, 0x29, 0x8B, 0x92, 0x28, 0x8B, 0x92, 0x21,
  0x59, 0x94, 0x1C, 0x4A, 0x86, 0x64, 0x4A, 0xB2, 0xA8, 0x12, 0x26, 0x51, 0x32, 0x44, 0x59, 0x12,
  0x26, 0x51, 0x12, 0x69, 0x01, 0x50, 0x4F, 0x21, 0xCB, 0xE8, 0xB8, 0x92, 0x61, 0xCB, 0xB1, 0x61,
  0x90, 0x92, 0x34, 0x4A, 0x86, 0x21, 0x51, 0x72, 0x24, 0x19, 0x06, 0x25, 0x51, 0xBA, 0x0C, 0x83,
  0xA2, 0x74, 0x51, 0x7A, 0x0A, 0x05, 0x50, 0x5A, 0x22, 0xCC, 0xE8, 0xB8, 0x92, 0x2C, 0x4D, 0xB2,
  0x34, 0xC9, 0xC2, 0xE1, 0xA0, 0x44, 0x95, 0x48, 0x4A, 0x94, 0x2C, 0x59, 0x6A, 0x49, 0xB7, 0xA4,
  0x14, 0x26, 0x8B, 0x58, 0xCA, 0x8A, 0x09, 0x00, 0x50, 0x5C, 0x1C, 0xCC, 0xE8, 0xF8, 0xEA, 0xC0,
  0x41, 0xCC, 0xB1, 0x68, 0x10, 0xA3, 0x2C, 0x1B, 0x5E, 0x74, 0x20, 0x8A, 0x06, 0xB1, 0x1C, 0xC6,
  0x61, 0x9C, 0x89, 0x00, 0x50, 0x7F, 0x1C, 0xCB, 0xE8, 0xF8, 0xCA, 0x49, 0x35, 0x4C, 0x93, 0x61,
  0x48, 0x66, 0x25, 0x1A, 0xB4, 0x1C, 0x1B, 0x4E, 0x61, 0x9A, 0x25, 0x61, 0x34, 0x68, 0x39, 0x10,
  0x50, 0xA8, 0x20, 0xCB, 0xE8, 0xB8, 0xC2, 0x34, 0xCC, 0x91, 0x41, 0x4A, 0xA5, 0x21, 0x1A, 0x94,
  0x28, 0x89, 0x4A, 0xC3, 0x54, 0x89, 0x4A, 0xC3, 0x54, 0x89, 0x8A, 0x43, 0x14, 0x46, 0x09, 0x00,
  0x50, 0xCF, 0x1F, 0xCC, 0xE8, 0xB8, 0xB2, 0x35, 0x4A, 0xE2, 0xE1, 0xD4, 0xD3, 0x30, 0x24, 0xA2,
  0x54, 0x59, 0x6A, 0x99, 0x12, 0x26, 0xD2, 0x96, 0x29, 0xA5, 0x44, 0x8B, 0x92, 0x50, 0x04, 0x50,
  0xF5, 0x1F, 0xCB, 0xE8, 0xB8, 0x72, 0x6C, 0x38, 0x25, 0xA5, 0xD2, 0x30, 0x55, 0xA2, 0x44, 0x19,
  0x06, 0x25, 0xC7, 0xA2, 0x61, 0xAA, 0x44, 0xA5, 0x61, 0xAA, 0x44, 0x95, 0x61, 0x10, 0x51, 0x41,
  0x1D, 0xCA, 0xE9, 0xF8, 0x72, 0x28, 0x47, 0x22, 0x31, 0x55, 0x86, 0x21, 0xCA, 0x92, 0x1C, 0x48,
  0x72, 0x20, 0x89, 0xA3, 0x38, 0xCA, 0x92, 0x2C, 0x53, 0x87, 0x00, 0x51, 0x43, 0x16, 0xBA, 0xE9,
  0xB8, 0x86, 0x9D, 0x65, 0x38, 0x64, 0x51, 0x1C, 0xC5, 0x51, 0x9A, 0xA5, 0x59, 0x94, 0x84, 0x91,
  0x3C, 0x51, 0x45, 0x1C, 0xCB, 0xE8, 0x38, 0x73, 0x2C, 0x1E, 0x0E, 0x62, 0x92, 0x03, 0x99, 0x36,
  0x4C, 0x61, 0x94, 0x03, 0x51, 0x0E, 0x44, 0x71, 0x56, 0x09, 0x33, 0x79, 0x08, 0x51, 0x48, 0x1D,
  0xCB, 0xE8, 0x78, 0x73, 0x20, 0xCA, 0x81, 0x28, 0x07, 0x0E, 0x61, 0x14, 0x67, 0xE9, 0x70, 0x10,
  0x93, 0x1C, 0xA9, 0x03, 0x51, 0x16, 0x65, 0xD9, 0x3A, 0x04, 0x51, 0x49, 0x1D, 0xCB, 0xE8, 0x78,
  0xE3, 0x2C, 0x0A, 0xA3, 0x62, 0x94, 0xE4, 0x48, 0x3C, 0x1C, 0xC2, 0x24, 0x47, 0xEA, 0x40, 0x94,
  0x03, 0x51, 0x16, 0x65, 0xD9, 0x3A, 0x04, 0x51, 0x4D, 0x1D, 0xCB, 0xE8, 0x38, 0x73, 0x6C, 0x88,
  0xA3, 0x38, 0x4A, 0x87, 0x43, 0x16, 0x65, 0xA5, 0x2C, 0x1B, 0x06, 0x35, 0xC9, 0x81, 0x28, 0x8B,
  0xB2, 0x6C, 0x1D, 0x02, 0x51, 0x5C, 0x1E, 0xCB, 0xE8, 0xF8, 0x92, 0x58, 0x19, 0xA6, 0x4A, 0x54,
  0x9A, 0x5A, 0xA2, 0x68, 0x48, 0x86, 0x28, 0x9A, 0x72, 0x52, 0x92, 0x03, 0x51, 0x16, 0x65, 0xD9,
  0x3A, 0x04, 0x51, 0x65, 0x18, 0xBB, 0xE8, 0xF8, 0x76, 0x2C, 0xC7, 0x72, 0x2C, 0xC7, 0x72, 0x28,
  0xC9, 0x91, 0x3A, 0x90, 0xA5, 0xB5, 0x1C, 0x48, 0x72, 0x28, 0x51, 0x68, 0x1A, 0xCB, 0xE8, 0x78,
  0x73, 0x2C, 0x87, 0x92, 0x1C, 0xC8, 0xD2, 0xD2, 0x70, 0x50, 0x73, 0x2C, 0x07, 0x0E, 0x39, 0x90,
  0x63, 0xE9, 0x70, 0x10, 0x51, 0x6C, 0x1B, 0xCB, 0xE8, 0xF8, 0xCA, 0x59, 0x9C, 0xA5, 0xC5, 0x28,
  0x8B, 0xB2, 0x50, 0xCC, 0xA1, 0x3A, 0x90, 0xA5, 0xC9, 0x90, 0x0D, 0x61, 0x8E, 0x25, 0x00, 0x51,
  0x6D, 0x19, 0xBB, 0xF8, 0x78, 0x73, 0x2C, 0xC7, 0xD2, 0xE1, 0xA0, 0x13, 0xA2, 0x1C, 0xC8, 0xD2,
  0x62, 0x1C, 0xE5, 0x40, 0x92, 0x23, 0x09, 0x00, 0x51, 0x71, 0x19, 0xCB, 0xE8, 0xF8, 0xCA, 0x59,
  0x9C, 0x85, 0xC3, 0x31, 0x8B, 0xB3, 0x38, 0xCB, 0x86, 0x83, 0x0E, 0xC4, 0x61, 0x39, 0xD1, 0x81,
  0x04, 0x51, 0x73, 0x17, 0xB9, 0xEA, 0xB8, 0xB2, 0x34, 0x09, 0x87, 0x21, 0xCD, 0x91, 0x70, 0x38,
  0xE6, 0x80, 0x0E, 0x24, 0x69, 0x16, 0xA9, 0x02, 0x51, 0x76, 0x19, 0xCB, 0xE8, 0xF8, 0xCA, 0x59,
  0x38, 0x1C, 0xB3, 0x78, 0x90, 0xB3, 0x78, 0x90, 0xB3, 0x6C, 0x38, 0x68, 0xD5, 0x54, 0xD1, 0x91,
  0x00, 0x51, 0x77, 0x19, 0xCB, 0xE8, 0xB8, 0x86, 0x35, 0x4C, 0x87, 0x35, 0x4C, 0x87, 0x35, 0x4C,
  0x87, 0x9D, 0xF0, 0xA0, 0x45, 0x71, 0x28, 0xE9, 0x40, 0x02, 0x51, 0x78, 0x1C, 0xCB, 0xE8, 0x38,
  0x93, 0x1C, 0xA9, 0x0E, 0xA7, 0x4A, 0xD4, 0x12, 0x45, 0xC3, 0xA9, 0x12, 0xB5, 0x44, 0xC9, 0x70,
  0xD0, 0xAA, 0xA9, 0xA2, 0x23, 0x01, 0x51, 0x7C, 0x1E, 0xCB, 0xE8, 0xF8, 0x6A, 0xC3, 0x41, 0x4C,
  0xD2, 0xE1, 0x9A, 0x44, 0xC9, 0x70, 0x10, 0x93, 0x28, 0x1A, 0x8E, 0x8A, 0x9A, 0x34, 0x49, 0x49,
  0x24, 0x26, 0x21, 0x00, 0x51, 0x85, 0x1A, 0xCA, 0xE9, 0x38, 0x73, 0x28, 0x1D, 0x0E, 0x5A, 0xA8,
  0x85, 0x52, 0x92, 0x29, 0x59, 0xB4, 0x26, 0x3A, 0xA2, 0x23, 0x3A, 0xA2, 0x03, 0x02, 0x51, 0x8C,
  0x20, 0xCB, 0xE8, 0x78, 0x86, 0x64, 0x88, 0x2A, 0x51, 0x4B, 0xD4, 0x12, 0xB5, 0x44, 0xC9, 0x70,
  0x50, 0xA2, 0x24, 0x6A, 0x89, 0x5A, 0xA2, 0x96, 0xA8, 0x25, 0x4A, 0xA2, 0x49, 0x01, 0x51, 0x8D,
  0x1A, 0xBB, 0xE8, 0x78, 0x86, 0x73, 0x0E, 0x1C, 0xC2, 0xA8, 0x38, 0x0C, 0x61, 0x54, 0x8C, 0x4A,
  0xC3, 0x41, 0x4A, 0xC3, 0x34, 0x0C, 0x25, 0x00, 0x51, 0x99, 0x18, 0xBB, 0xE8, 0x38, 0x3E, 0xC5,
  0x52, 0x9C, 0x0D, 0x6B, 0x8E, 0x0D, 0x3A, 0x96, 0x0D, 0x07, 0x1D, 0xC8, 0xB1, 0x1C, 0x11, 0x01,
  0x51, 0xB2, 0x1C, 0xCC, 0xE8, 0xF8, 0x81, 0x30, 0x4E, 0x9B, 0x86, 0x41, 0x8C, 0xB2, 0x30, 0xCA,
  0xC2, 0x28, 0x8B, 0x92, 0x61, 0x50, 0xA2, 0x6A, 0x31, 0x0E, 0xE3, 0x10, 0x51, 0xB3, 0x1C, 0xCC,
  0xE8, 0xF8, 0x81, 0x30, 0x4E, 0xA3, 0x61, 0x88, 0xD2, 0x28, 0x47, 0xA2, 0x1C, 0x89, 0xB2, 0xE1,
  0x90, 0xA4, 0x8D, 0x69, 0x92, 0x85, 0x59, 0x6A, 0x51, 0xB5, 0x1B, 0xBB, 0xE8, 0x38, 0xB2, 0x61,
  0x2A, 0x46, 0xC5, 0x34, 0x4C, 0x87, 0x2D, 0x4A, 0xC2, 0x2C, 0x09, 0xB3, 0x24, 0x2B, 0x45, 0x52,
  0x16, 0x55, 0x07, 0x51, 0xB7, 0x1A, 0xCB, 0xE8, 0xB8, 0xC3, 0xB4, 0x96, 0x84, 0x51, 0xA4, 0x0E,
  0x43, 0x96, 0x03, 0xE1, 0xB0, 0x95, 0x8A, 0x51, 0x71, 0x4A, 0xC3, 0x34, 0x04, 0x51, 0xC6, 0x1F,
  0xCB, 0xE8, 0x78, 0xB3, 0x24, 0x8C, 0xB2, 0x68, 0x18, 0x92, 0xA8, 0x2C, 0xA5, 0xC9, 0xB0, 0x25,
  0x51, 0x18, 0x15, 0xA3, 0x61, 0xC9, 0xA2, 0xAC, 0x94, 0x03, 0x87, 0x00, 0x51, 0xCF, 0x1E, 0xCB,
  0xE8, 0xF8, 0x91, 0x4C, 0xD5, 0x92, 0x61, 0x08, 0xB3, 0x54, 0x29, 0x26, 0x59, 0x69, 0x50, 0x26,
  0x45, 0x29, 0x29, 0x53, 0x34, 0xA8, 0x59, 0x22, 0x65, 0x05, 0x51, 0xED, 0x1C, 0xCB, 0xE8, 0xB8,
  0x52, 0x2D, 0x19, 0xC2, 0x34, 0x53, 0x86, 0x41, 0x49, 0xC3, 0x68, 0x98, 0x72, 0x74, 0x90, 0xB3,
  0x38, 0x8B, 0x8A, 0x51, 0x12, 0x0F, 0x51, 0xFA, 0x16, 0xC9, 0xE9, 0x38, 0x73, 0x24, 0x8D, 0xFA,
  0xD3, 0x30, 0xA4, 0x61, 0x96, 0x69, 0x99, 0x96, 0x69, 0xD9, 0x70, 0x08, 0x51, 0xFB, 0x19, 0xCB,
  0xE8, 0x78, 0x73, 0x2C, 0x1E, 0xCE, 0x39, 0x96, 0x63, 0xE9, 0x70, 0x50, 0x73, 0xAC, 0x94, 0x95,
  0x86, 0x53, 0x0E, 0x24, 0x00, 0x51, 0xFD, 0x1A, 0xBB, 0xE8, 0x78, 0x86, 0x73, 0x1A, 0x86, 0xDA,
  0x92, 0x28, 0x59, 0x92, 0x48, 0xC9, 0xA4, 0x25, 0x15, 0x53, 0x34, 0x6A, 0x3A, 0x34, 0x3C, 0x52,
  0x06, 0x1E, 0xCC, 0xE8, 0x38, 0xA3, 0x1C, 0x89, 0x72, 0x24, 0x8B, 0xC3, 0x34, 0xCE, 0x92, 0x61,
  0x29, 0x46, 0xD5, 0x28, 0x47, 0xA2, 0x1C, 0xC8, 0xE2, 0x30, 0xCD, 0x44, 0x00, 0x52, 0x07, 0x1E,
  0xBB, 0xE8, 0x78, 0xA2, 0x61, 0x48, 0xD2, 0x28, 0x89, 0x94, 0x68, 0xD0, 0xA2, 0x24, 0x8D, 0x92,
  0x34, 0x4A, 0xA2, 0xA6, 0x25, 0x8B, 0xB3, 0x34, 0xCC, 0x2C, 0x00, 0x52, 0x17, 0x20, 0xCB, 0xE8,
  0xF8, 0xB1, 0x61, 0x48, 0xA2, 0x62, 0x54, 0x8C, 0xA2, 0x21, 0x89, 0x92, 0x2C, 0x89, 0x12, 0x29,
  0x89, 0x4C, 0xC5, 0xA8, 0x16, 0x47, 0x39, 0x90, 0xE4, 0x80, 0x00, 0x52, 0x19, 0x1C, 0xCB, 0xE8,
  0x78, 0xC3, 0x64, 0x10, 0x93, 0x4E, 0x49, 0xA7, 0xA4, 0x53, 0xD2, 0x29, 0xE9, 0x94, 0x74, 0x4A,
  0x1A, 0xA3, 0x24, 0x8D, 0x8A, 0x5B, 0x05, 0x52, 0x1A, 0x1C, 0xCA, 0xE9, 0x38, 0xC3, 0x61, 0xD4,
  0x42, 0x49, 0x89, 0x16, 0x25, 0x5A, 0x94, 0x48, 0x69, 0x5A, 0x94, 0xC8, 0x12, 0x69, 0xA1, 0x16,
  0x4A, 0x61, 0x02, 0x52, 0x1B, 0x1E, 0xCB, 0xE8, 0xF8, 0xE2, 0x2C, 0x8E, 0x92, 0x34, 0xC9, 0xA6,
  0x64, 0x88, 0xA2, 0xA9, 0x25, 0x6A, 0x49, 0xA4, 0x4A, 0x8E, 0xD4, 0xC2, 0x68, 0x08, 0x73, 0x28,
  0x01, 0x52, 0x1D, 0x1E, 0xCB, 0xE8, 0xB8, 0x72, 0x2C, 0x1A, 0x0E, 0x52, 0x31, 0xAA, 0x95, 0x5A,
  0xA2, 0x68, 0xAA, 0x28, 0x51, 0xA4, 0x44, 0x5A, 0x94, 0x95, 0x8A, 0x51, 0x92, 0x29, 0x00, 0x52,
  0x20, 0x24, 0xCB, 0xE8, 0xF8, 0x81, 0x28, 0x19, 0x86, 0x28, 0x49, 0x24, 0xA5, 0x22, 0x29, 0x15,
  0x49, 0x19, 0x0E, 0x49, 0x45, 0x52, 0x2A, 0x92, 0x52, 0x91, 0x94, 0x8A, 0x54, 0x89, 0x4A, 0x5A,
  0xA2, 0x24, 0x00, 0x52, 0x24, 0x1C, 0xCB, 0xE8, 0xF8, 0x62, 0x29, 0x29, 0x25, 0x9D, 0x92, 0x44,
  0xAA, 0x0C, 0x4A, 0x94, 0x95, 0xB2, 0xD2, 0x70, 0xCA, 0x4A, 0x59, 0x9C, 0xC5, 0x59, 0x2A, 0x52,
  0x2B, 0x20, 0xCB, 0xE8, 0x78, 0xC3, 0x64, 0x10, 0x93, 0x2C, 0x4C, 0xB2, 0x24, 0x4A, 0x06, 0x25,
  0xCA, 0x92, 0xD2, 0x70, 0xCA, 0x92, 0x52, 0x4B, 0xD4, 0x98, 0x44, 0x62, 0x0E, 0x25, 0x00, 0x52,
  0x30, 0x1E, 0xCB, 0xE8, 0xF8, 0xB1, 0xE1, 0x94, 0x95, 0x2A, 0x51, 0x34, 0x0C, 0x49, 0x94, 0x45,
  0x52, 0x56, 0x1A, 0x86, 0x24, 0xCA, 0x4A, 0x59, 0x9C, 0x0D, 0xD9, 0x10, 0x0B, 0x52, 0x36, 0x1F,
  0xCB, 0xE8, 0x78, 0xCA, 0x49, 0x2D, 0x4A, 0x06, 0x25, 0x92, 0xB2, 0x68, 0x38, 0x65, 0xA5, 0x64,
  0x50, 0xA2, 0xA4, 0x53, 0xD2, 0x29, 0xE9, 0x94, 0x24, 0x6A, 0x96, 0x0A, 0x52, 0x37, 0x22, 0xCB,
  0xE8, 0x78, 0x06, 0x31, 0xC9, 0x92, 0x28, 0xC9, 0x92, 0x28, 0x19, 0x94, 0x28, 0xA9, 0x45, 0xC9,
  0xA0, 0x44, 0x49, 0xA7, 0xA4, 0xD3, 0xD2, 0xB4, 0x14, 0x93, 0x64, 0xCC, 0x52, 0x01, 0x52, 0x3A,
  0x1C, 0xCB, 0xE8, 0xF8, 0xE2, 0xE1, 0x94, 0x95, 0x92, 0x41, 0x89, 0x92, 0x4E, 0x49, 0xA7, 0xA4,
  0x53, 0x34, 0x55, 0x3A, 0x49, 0x71, 0x16, 0x67, 0xA9, 0x00, 0x52, 0x4D, 0x1F, 0xCB, 0xE8, 0xB8,
  0xC2, 0x38, 0x0A, 0x87, 0x83, 0x8E, 0x0E, 0x49, 0xD4, 0x12, 0x45, 0x43, 0x12, 0xB5, 0x44, 0xD1,
  0x90, 0x44, 0x2D, 0x51, 0x63, 0x94, 0x68, 0x0A, 0x00, 0x52, 0x69, 0x1D, 0xCB, 0xE8, 0x38, 0xC5,
  0x64, 0x4C, 0xB2, 0x30, 0x19, 0x0E, 0x49, 0xA7, 0x64, 0x49, 0x94, 0x9E, 0x92, 0x25, 0x51, 0x4A,
  0x5B, 0xD2, 0x51, 0x8A, 0xB3, 0x54, 0x52, 0x6A, 0x1D, 0xCB, 0xE8, 0xB8, 0xD2, 0x5A, 0x36, 0x1C,
  0x14, 0xA5, 0x54, 0x51, 0xA2, 0x48, 0x29, 0x55, 0x94, 0xA8, 0x4D, 0x19, 0x0E, 0x71, 0x16, 0x8A,
  0xC9, 0x28, 0x01, 0x52, 0x72, 0x1F, 0xCB, 0xE8, 0xF8, 0xE2, 0xE1, 0x24, 0x45, 0x52, 0x32, 0x28,
  0x51, 0x56, 0x4A, 0x06, 0x25, 0xCA, 0x4A, 0xC3, 0x29, 0x07, 0xA2, 0x64, 0x10, 0x93, 0x2C, 0x4C,
  0x06, 0x4D, 0x52, 0x9F, 0x1D, 0xCB, 0xE8, 0xF8, 0x81, 0x1C, 0xCB, 0x86, 0x2C, 0x4D, 0x86, 0x21,
  0x0A, 0xA3, 0x62, 0x54, 0x8C, 0x2A, 0x51, 0x49, 0xCA, 0xC6, 0x2C, 0x0D, 0x6B, 0x0A, 0x00, 0x52,
  0xA0, 0x1E, 0xCB, 0xE8, 0xB8, 0x72, 0x2C, 0xC7, 0xC2, 0xE1, 0x90, 0x44, 0x2D, 0x51, 0x4B, 0xD4,
  0x12, 0xB5, 0x44, 0x2D, 0x51, 0x92, 0x25, 0x51, 0x92, 0x25, 0x83, 0x24, 0x03, 0x52, 0xA1, 0x19,
  0xCB, 0xE8, 0xF8, 0x72, 0x6C, 0x18, 0xB5, 0x30, 0x4A, 0x72, 0x64, 0x9E, 0x4C, 0xA1, 0x36, 0xCC,
  0x59, 0x9C, 0xA5, 0x61, 0x1B, 0x00, 0x52, 0xA8, 0x1C, 0xCB, 0xE8, 0xF8, 0x81, 0x70, 0xCB, 0xB1,
  0x1C, 0xF8, 0xD4, 0x18, 0x25, 0x69, 0x94, 0x44, 0x49, 0x36, 0x2C, 0x59, 0x1A, 0xA6, 0x59, 0x9A,
  0x45, 0x00, 0x52, 0xA9, 0x1F, 0xCB, 0xE8, 0xF8, 0x81, 0x70, 0x88, 0xC2, 0xA8, 0x18, 0x0D, 0x43,
  0x32, 0x44, 0x95, 0xA8, 0x25, 0x6A, 0x19, 0xA2, 0x4A, 0xD4, 0x92, 0x0C, 0xD9, 0x90, 0x55, 0x23,
  0x05, 0x53, 0x05, 0x1F, 0xCB, 0xE8, 0xF8, 0x72, 0x2C, 0xC7, 0x86, 0x21, 0x8B, 0x13, 0x65, 0x88,
  0x72, 0x20, 0xCA, 0x81, 0x28, 0x1B, 0xA4, 0x2C, 0x0D, 0x73, 0x20, 0xCA, 0x81, 0x6C, 0x18, 0x04,
  0x53, 0x16, 0x1B, 0xCB, 0xE8, 0xF8, 0xA2, 0x1C, 0x88, 0x72, 0x20, 0xAA, 0x95, 0xB2, 0x4A, 0x66,
  0x4B, 0xB2, 0x38, 0x8B, 0xB3, 0x38, 0x2B, 0x65, 0xA5, 0x70, 0x08, 0x53, 0x39, 0x16, 0xAB, 0xF8,
  0x38, 0x3E, 0x15, 0xA3, 0x62, 0xD4, 0x52, 0x8B, 0x12, 0x75, 0xC9, 0xB1, 0x1C, 0x1B, 0xDE, 0x31,
  0x00, 0x53, 0x3A, 0x19, 0xBA, 0xE9, 0x38, 0x1E, 0xE4, 0x28, 0x8E, 0x12, 0x29, 0xAB, 0x64, 0x61,
  0x2D, 0xC9, 0xA2, 0x2C, 0x4A, 0x72, 0xE0, 0x41, 0x87, 0x00, 0x53, 0x41, 0x18, 0xCB, 0xE8, 0x78,
  0x73, 0x2C, 0xC7, 0x72, 0x2C, 0x1D, 0x0E, 0x6A, 0x8E, 0xE5, 0x58, 0x8E, 0xE5, 0x58, 0x8E, 0xE5,
  0x58, 0x0A, 0x53, 0x47, 0x19, 0xCB, 0xE8, 0xF8, 0x81, 0x1C, 0x50, 0xC2, 0x2D, 0xCE, 0xE2, 0x2C,
  0x1B, 0x0E, 0x5A, 0x39, 0x8B, 0xB3, 0x34, 0x4C, 0xC3, 0x6A, 0x06, 0x53, 0x4A, 0x19, 0xCB, 0xE8,
  0x78, 0x73, 0x20, 0xAA, 0x26, 0x51, 0x9A, 0x14, 0x87, 0x73, 0x8E, 0xA5, 0xC3, 0x41, 0xCD, 0xB1,
  0x1C, 0xCB, 0xB1, 0x14, 0x53, 0x4F, 0x1D, 0xCB, 0xE8, 0x78, 0xC2, 0x34, 0x4C, 0xC3, 0x28, 0x19,
  0x92, 0x41, 0x0A, 0xA3, 0x62, 0xD4, 0x12, 0x29, 0xD5, 0x28, 0x2B, 0x65, 0xA5, 0x62, 0x14, 0x47,
  0x00, 0x53, 0x55, 0x1A, 0xCB, 0xE8, 0xB8, 0xD2, 0x5A, 0x3A, 0x0C, 0x52, 0x56, 0x1A, 0x4E, 0x59,
  0x29, 0x2B, 0x0D, 0x83, 0x0E, 0xA4, 0xC3, 0x41, 0xCD, 0xB1, 0x14, 0x53, 0x60, 0x1A, 0xC9, 0xEA,
  0xF8, 0x72, 0x24, 0x47, 0x72, 0x64, 0xD8, 0x72, 0x24, 0x47, 0xD2, 0x61, 0x88, 0xD2, 0x28, 0x8D,
  0xD2, 0x68, 0x18, 0x22, 0x00, 0x53, 0x61, 0x17, 0xBB, 0xE9, 0x78, 0x73, 0x2C, 0xC7, 0x06, 0x39,
  0xC7, 0xD2, 0xE1, 0xA0, 0xE6, 0xD8, 0x8E, 0x44, 0x72, 0x8E, 0xA5, 0x00, 0x53, 0x6B, 0x15, 0xAB,
  0xF8, 0x78, 0x86, 0x6B, 0x98, 0x86, 0x69, 0x98, 0x86, 0x69, 0x98, 0x66, 0x71, 0x8E, 0xC5, 0xC3,
  0x41, 0x53, 0x70, 0x1A, 0xCA, 0xE9, 0xF8, 0xE2, 0x69, 0x18, 0x33, 0x31, 0x1B, 0x94, 0x4C, 0xCC,
  0xC4, 0x4C, 0xCC, 0x06, 0x25, 0x51, 0xC2, 0x1C, 0xCA, 0xA1, 0x10, 0x53, 0x73, 0x22, 0xBB, 0xE8,
  0x78, 0x06, 0x65, 0x48, 0xB2, 0x24, 0x4A, 0x06, 0x25, 0x4A, 0xB2, 0x24, 0x4A, 0xB2, 0x24, 0x4A,
  0x06, 0x25, 0x4A, 0x6A, 0x51, 0x12, 0x45, 0x97, 0x9A, 0x96, 0xE4, 0x58, 0x06, 0x53, 0x74, 0x1E,
  0xCB, 0xE8, 0xB8, 0x72, 0x2C, 0x1C, 0x0E, 0x49, 0x54, 0x8C, 0x8A, 0xD1, 0x30, 0x24, 0x51, 0x31,
  0xAA, 0x44, 0x95, 0x48, 0x99, 0x96, 0x9A, 0x96, 0xE4, 0x58, 0x06, 0x53, 0x82, 0x18, 0xBB, 0xE8,
  0xB8, 0x86, 0x53, 0x8E, 0xE5, 0x58, 0x8E, 0xE5, 0x58, 0x8E, 0xE5, 0x58, 0x0E, 0xE5, 0x58, 0x0E,
  0xE5, 0x18, 0x00, 0x53, 0x86, 0x1E, 0xCB, 0xE8, 0xF8, 0xA1, 0x68, 0x38, 0x65, 0x71, 0x16, 0x0F,
  0x87, 0x24, 0x0B, 0x93, 0x2C, 0x4C, 0xB2, 0x30, 0xC9, 0x91, 0x52, 0x2A, 0x65, 0x49, 0x96, 0x46,
  0x00, 0x53, 0x9F, 0x1C, 0xBB, 0xE8, 0xB8, 0x86, 0x53, 0x16, 0x27, 0xC3, 0x96, 0x84, 0x59, 0x32,
  0x6C, 0x49, 0x98, 0x25, 0xC3, 0x14, 0x26, 0x59, 0x12, 0x55, 0x6A, 0x55, 0x11, 0x53, 0xBB, 0x19,
  0xCB, 0xE8, 0x78, 0x73, 0x2C, 0x1E, 0xCE, 0x39, 0x96, 0x0E, 0x07, 0x35, 0x87, 0xEA, 0x40, 0x96,
  0x46, 0xDB, 0xA0, 0xE5, 0x58, 0x02, 0x53, 0xC2, 0x1D, 0xCB, 0xE8, 0x38, 0x93, 0x1C, 0xC8, 0xC2,
  0x61, 0xC9, 0x81, 0x74, 0x38, 0x68, 0x91, 0x9A, 0x48, 0xD9, 0xA4, 0xD4, 0xA4, 0x24, 0xD2, 0x72,
  0x44, 0x9E, 0x01, 0x53, 0xCA, 0x1C, 0xBB, 0xE8, 0xB8, 0x86, 0x21, 0xCE, 0xE2, 0x28, 0x07, 0xA2,
  0x31, 0xC9, 0xC2, 0x24, 0x0B, 0xA3, 0x24, 0x0C, 0xC5, 0x50, 0xCB, 0xA4, 0x24, 0x52, 0x03, 0x53,
  0xCC, 0x1C, 0xBC, 0xE8, 0x38, 0x06, 0x65, 0x50, 0x5B, 0xB2, 0xA8, 0x25, 0x4C, 0xA2, 0x24, 0x0D,
  0x63, 0x2D, 0x8D, 0x92, 0x62, 0x16, 0x65, 0xC5, 0x24, 0x8B, 0x03, 0x53, 0xCD, 0x1A, 0xBA, 0xE8,
  0xB8, 0x86, 0x41, 0xCA, 0xA1, 0x1C, 0x1A, 0x86, 0x2C, 0xCD, 0x92, 0x28, 0x4C, 0xA2, 0x2C, 0x13,
  0x33, 0x2D, 0x92, 0x32, 0x55, 0x53, 0xD1, 0x1C, 0xCB, 0xE8, 0x78, 0x73, 0x20, 0xAA, 0x03, 0xF1,
  0x70, 0x08, 0x73, 0x6C, 0x90, 0xB3, 0x34, 0xA9, 0x66, 0x69, 0x96, 0x64, 0x91, 0x36, 0xE5, 0x40,
  0x00, 0x53, 0xD6, 0x1F, 0xBC, 0xE8, 0x38, 0xEE, 0x40, 0x94, 0x0C, 0x52, 0x35, 0x1A, 0x92, 0x2C,
  0x6A, 0xC9, 0x86, 0x28, 0xC9, 0xA2, 0x2C, 0x1C, 0x22, 0x4D, 0x4A, 0xA2, 0x58, 0x4C, 0xE3, 0x00,
  0x53, 0xD7, 0x1D, 0xCB, 0xE8, 0xF8, 0x81, 0x69, 0x98, 0xB2, 0x28, 0x0B, 0xA3, 0x24, 0x1A, 0xDE,
  0x21, 0x65, 0x98, 0xB2, 0x3A, 0x90, 0xE4, 0x90, 0x0E, 0x48, 0xA1, 0xAA, 0x00, 0x53, 0xD8, 0x1B,
  0xBA, 0xE9, 0x38, 0x1E, 0xA3, 0x30, 0x89, 0xB4, 0x24, 0x4A, 0x4A, 0x2D, 0xC3, 0x10, 0x66, 0x71,
  0x92, 0x23, 0x39, 0xA0, 0x0C, 0x51, 0x9C, 0x00, 0x53, 0xE0, 0x1C, 0xCB, 0xE8, 0xB8, 0x86, 0x21,
  0xBE, 0x0C, 0x59, 0xA8, 0x0D, 0xC9, 0x90, 0xC3, 0xC3, 0x41, 0x1A, 0x96, 0x28, 0x0D, 0xB7, 0x30,
  0x9B, 0x86, 0x83, 0x00, 0x53, 0xE3, 0x15, 0xAA, 0xE9, 0x38, 0x1E, 0x74, 0x44, 0x47, 0x74, 0x44,
  0x47, 0x74, 0x44, 0x47, 0x74, 0x64, 0x78, 0x47, 0x02, 0x53, 0xE4, 0x1A, 0xCB, 0xE8, 0x78, 0x73,
  0x2C, 0xC7, 0xD2, 0xE1, 0xA0, 0xE6, 0x58, 0x8E, 0xE5, 0xC0, 0x21, 0x4C, 0xC3, 0x34, 0x4C, 0xC3,
  0x61, 0x88, 0x00, 0x53, 0xE5, 0x1D, 0xCB, 0xE8, 0xF8, 0x72, 0x2C, 0x87, 0x86, 0x53, 0x0E, 0x24,
  0xC9, 0x20, 0x49, 0x59, 0x94, 0x95, 0xB2, 0x52, 0x36, 0x48, 0x39, 0x96, 0x63, 0x39, 0xA2, 0x00,
  0x53, 0xEA, 0x18, 0xBA, 0xE8, 0x78, 0x86, 0x41, 0x8A, 0xA3, 0x38, 0x8A, 0xA3, 0x38, 0x1A, 0x06,
  0x9D, 0x90, 0xA5, 0x61, 0x16, 0xEF, 0x40, 0x00, 0x53, 0xEF, 0x1B, 0xBB, 0xE8, 0x38, 0x1E, 0x74,
  0x24, 0x1C, 0x94, 0x30, 0x4B, 0xC2, 0x2C, 0x09, 0xB3, 0x24, 0x1C, 0x94, 0x30, 0xCD, 0xB1, 0x1C,
  0xCB, 0x21, 0x09, 0x53, 0xF0, 0x1B, 0xCB, 0xE8, 0x78, 0x73, 0x2C, 0x87, 0xB2, 0xB4, 0x96, 0x0D,
  0xC9, 0x30, 0xE6, 0x58, 0x34, 0x0C, 0x5A, 0x9C, 0xC5, 0x59, 0x9C, 0x0D, 0x83, 0x02, 0x53, 0xF2,
  0x1A, 0xCB, 0xE8, 0x78, 0x73, 0x2C, 0x1E, 0x4E, 0x59, 0x29, 0x2B, 0x0D, 0xB7, 0x28, 0x47, 0xEA,
  0x90, 0x0E, 0x25, 0xB1, 0x26, 0xE9, 0x80, 0x00, 0x53, 0xF3, 0x1C, 0xCB, 0xE8, 0x38, 0x73, 0x2C,
  0xC7, 0xE2, 0xE1, 0x20, 0xE6, 0x58, 0x0E, 0xE5, 0xD8, 0x30, 0x64, 0x6A, 0x94, 0xA4, 0x49, 0x94,
  0x86, 0xC3, 0x90, 0x00, 0x53, 0xF7, 0x19, 0xBB, 0xE8, 0xB8, 0x86, 0x21, 0x4C, 0xC3, 0x61, 0xC8,
  0xE1, 0xE1, 0xA0, 0xE5, 0xD8, 0x30, 0xA6, 0x39, 0x96, 0x63, 0x39, 0xA2, 0x01, 0x54, 0x04, 0x1C,
  0xCB, 0xE8, 0x38, 0x73, 0x6C, 0x50, 0xC3, 0x4A, 0x14, 0x66, 0x3A, 0x12, 0xC5, 0x61, 0x38, 0x0C,
  0x8A, 0x12, 0x26, 0x59, 0x98, 0x86, 0xE9, 0x30, 0x01, 0x54, 0x08, 0x1C, 0xCB, 0xE8, 0x78, 0x73,
  0x2C, 0x87, 0x92, 0x1C, 0xC8, 0xD2, 0x61, 0x88, 0x74, 0x40, 0x87, 0x87, 0x21, 0x4C, 0xC3, 0x34,
  0x4C, 0xC3, 0x61, 0x88, 0x00, 0x54, 0x0C, 0x1B, 0xBA, 0xE9, 0x38, 0x1E, 0x74, 0x44, 0x47, 0x94,
  0x61, 0xD1, 0x11, 0x65, 0x58, 0x94, 0x30, 0x51, 0xC2, 0x44, 0x19, 0x16, 0x1D, 0xD1, 0x01, 0x01,
  0x54, 0x0D, 0x1B, 0xCB, 0xE8, 0x78, 0x73, 0x2C, 0x87, 0x06, 0x35, 0xAC, 0x44, 0x61, 0xA6, 0x43,
  0x39, 0x34, 0x0C, 0xD1, 0x3A, 0xA5, 0x61, 0x1A, 0x0E, 0x43, 0x00, 0x54, 0x0E, 0x1B, 0xCB, 0xE8,
  0xF8, 0x81, 0x6D, 0x90, 0x73, 0x2C, 0xC7, 0x86, 0x53, 0x8E, 0xE5, 0x58, 0x32, 0x4C, 0xC5, 0xA8,
  0x98, 0x64, 0x61, 0x3A, 0x2C, 0x00, 0x54, 0x11, 0x1A, 0xCA, 0xE9, 0x38, 0x73, 0x24, 0x47, 0x72,
  0xE0, 0x41, 0x47, 0x74, 0x44, 0x1A, 0x22, 0xA9, 0x24, 0x95, 0xA4, 0x21, 0xD2, 0x11, 0x1D, 0x10,
  0x54, 0x26, 0x1A, 0xBB, 0xE8, 0x78, 0x86, 0x43, 0xAA, 0x23, 0x46, 0x25, 0x4B, 0xB4, 0x30, 0xCD,
  0x81, 0x83, 0x16, 0x67, 0x71, 0x16, 0x67, 0xC3, 0xA0, 0x00, 0x54, 0x2B, 0x1E, 0xCB, 0xE8, 0x78,
  0x73, 0x28, 0xC9, 0x81, 0x2C, 0x4D, 0x96, 0x48, 0x07, 0x94, 0x61, 0xD0, 0x91, 0x1C, 0xCA, 0x81,
  0x43, 0x98, 0x86, 0x69, 0x38, 0x0C, 0x11, 0x00, 0x54, 0x2C, 0x20, 0xCB, 0xE8, 0xF8, 0x11, 0x65,
  0x48, 0xB6, 0x28, 0x49, 0xA3, 0x24, 0x8D, 0x92, 0x61, 0x88, 0x92, 0xA8, 0x25, 0x6A, 0x89, 0xA2,
  0x21, 0x89, 0xE2, 0x2C, 0xCE, 0xD2, 0x30, 0x02, 0x54, 0x2F, 0x1C, 0xCB, 0xE8, 0x78, 0x73, 0x64,
  0x18, 0xA4, 0x1C, 0x88, 0x72, 0x20, 0x1A, 0x4E, 0x39, 0x96, 0x03, 0xD1, 0x70, 0x8B, 0x93, 0xB2,
  0x34, 0x0C, 0x5A, 0x1C, 0x54, 0x4A, 0x1C, 0xCB, 0xE8, 0x78, 0x73, 0x20, 0xCA, 0x81, 0x28, 0x07,
  0x0E, 0x5A, 0x14, 0x67, 0xE9, 0x70, 0xD0, 0xE1, 0x61, 0x08, 0xD3, 0x30, 0x0D, 0x87, 0x21, 0x02,
  0x54, 0x58, 0x19, 0xC9, 0xE9, 0xF8, 0x81, 0x68, 0x18, 0xA2, 0x34, 0x1A, 0x86, 0x68, 0xB8, 0x03,
  0x5A, 0xA6, 0x65, 0x5A, 0x63, 0x94, 0x29, 0x39, 0x02, 0x54, 0x68, 0x1B, 0xBA, 0xE8, 0x78, 0x86,
  0x4B, 0x56, 0x49, 0x06, 0xA5, 0x56, 0x19, 0x2E, 0x39, 0x90, 0x24, 0x83, 0xD2, 0x96, 0x54, 0x06,
  0x45, 0x47, 0x74, 0x40, 0x54, 0x7C, 0x1C, 0xCB, 0xE8, 0xF8, 0x11, 0x71, 0xD0, 0xB6, 0x28, 0x49,
  0xA4, 0x4A, 0x4F, 0x49, 0x63, 0x32, 0x1C, 0x92, 0x2C, 0xDC, 0x72, 0x2C, 0xC7, 0x72, 0x48, 0x04,
  0x54, 0x7D, 0x1F, 0xCB, 0xE8, 0x78, 0x73, 0x28, 0xC9, 0x81, 0x2C, 0x1D, 0x94, 0x48, 0x07, 0x94,
  0x21, 0x19, 0xA2, 0x4A, 0xD4, 0x12, 0xB5, 0x44, 0xD1, 0x90, 0xEC, 0x48, 0x8E, 0x85, 0x00, 0x54,
  0x8C, 0x1E, 0xCB, 0xE8, 0x38, 0xE5, 0x1D, 0x8B, 0x06, 0x2D, 0xCA, 0x86, 0x41, 0x2B, 0x65, 0xD1,
  0x92, 0x45, 0x8A, 0x96, 0x94, 0xB2, 0xA4, 0x94, 0x49, 0xD1, 0xA0, 0xE5, 0x00, 0x54, 0xC1, 0x1B,
  0xBB, 0xE8, 0xB8, 0x86, 0x35, 0x4C, 0xC3, 0x34, 0x4C, 0x87, 0x9D, 0x30, 0x28, 0xC3, 0x96, 0x64,
  0x5A, 0x92, 0x69, 0x49, 0x36, 0x2C, 0x83, 0x00, 0x54, 0xCD, 0x1B, 0xCA, 0xE9, 0xB8, 0xB3, 0x29,
  0x4C, 0x86, 0x8B, 0xAA, 0x28, 0x8B, 0xA5, 0x62, 0xA9, 0x58, 0x2A, 0x83, 0xB2, 0x44, 0x6A, 0x96,
  0x66, 0x61, 0x02, 0x54, 0xF2, 0x1F, 0xCB, 0xE8, 0xB8, 0x62, 0x29, 0x1A, 0xA2, 0x21, 0xC9, 0x81,
  0x68, 0x98, 0x94, 0x28, 0x9A, 0x8A, 0x49, 0x96, 0xA9, 0xE1, 0x30, 0x84, 0x69, 0x98, 0x86, 0xC3,
  0x10, 0x01, 0x55, 0x24, 0x1B, 0xCA, 0xE9, 0xB8, 0xB3, 0x69, 0x4A, 0x4A, 0x95, 0x2C, 0x52, 0x92,
  0x61, 0x48, 0x9A, 0x94, 0x26, 0x65, 0x38, 0x68, 0x69, 0x98, 0x63, 0x5A, 0x1A, 0x55, 0x2F, 0x23,
  0xCB, 0xE8, 0x78, 0xA3, 0x68, 0x89, 0xB2, 0x24, 0x19, 0x06, 0x65, 0xCA, 0x92, 0x52, 0x96, 0x24,
  0xC3, 0xD2, 0x94, 0x25, 0xA5, 0x2C, 0x49, 0x86, 0x65, 0x89, 0x72, 0x20, 0xCA, 0x81, 0x43, 0x00,
  0x55, 0x82, 0x1B, 0xBB, 0xE9, 0x78, 0x07, 0x65, 0x48, 0x3A, 0x25, 0x83, 0x12, 0x25, 0x9D, 0x92,
  0x41, 0x89, 0x72, 0xE0, 0x53, 0xD2, 0x1C, 0xC9, 0x4A, 0x2A, 0x0A, 0x56, 0x68, 0x20, 0xBB, 0xE8,
  0x78, 0x86, 0x64, 0x88, 0x2A, 0x51, 0x34, 0x24, 0x43, 0x9C, 0x0E, 0x07, 0x31, 0x89, 0x35, 0x69,
  0x50, 0x06, 0x25, 0x4A, 0xA2, 0x96, 0x28, 0x1A, 0x92, 0x21, 0x01, 0x56, 0x6A, 0x1C, 0xCC, 0xE8,
  0x78, 0x07, 0x1D, 0xC8, 0xA2, 0x83, 0x94, 0x24, 0x97, 0xFE, 0x72, 0x29, 0x56, 0x86, 0x4B, 0xED,
  0x94, 0x54, 0xA5, 0x48, 0x07, 0x42, 0x00, 0x56, 0xDB, 0x16, 0x9B, 0x08, 0x39, 0xBE, 0x25, 0x99,
  0x96, 0x64, 0x5A, 0x92, 0x49, 0xA5, 0x25, 0x1C, 0x76, 0x44, 0x87, 0x86, 0x07, 0x56, 0xDE, 0x17,
  0xAA, 0xF9, 0x38, 0x1E, 0x74, 0x44, 0x47, 0xA4, 0x21, 0x92, 0x4A, 0x52, 0x49, 0x1A, 0x22, 0x1D,
  0xD1, 0x91, 0xE1, 0x20, 0x56, 0xE0, 0x19, 0xBA, 0xE9, 0x38, 0x1E, 0xB4, 0x50, 0x0B, 0x87, 0x8B,
  0x16, 0x6A, 0xA1, 0x94, 0x64, 0x4A, 0x16, 0xAD, 0x89, 0x8E, 0x0C, 0x07, 0x01, 0x56, 0xF4, 0x1A,
  0xCA, 0xE9, 0xF8, 0xA1, 0xE1, 0x2D, 0x1C, 0x2E, 0xCA, 0x20, 0x69, 0xE1, 0x70, 0xD1, 0xA2, 0x44,
  0x8B, 0x12, 0x2D, 0x1C, 0xDE, 0x91, 0x00, 0x56, 0xFA, 0x1A, 0xBA, 0xE9, 0x38, 0x1E, 0xB4, 0x50,
  0x0B, 0x87, 0xB7, 0x50, 0x19, 0x16, 0x25, 0x4C, 0x94, 0x30, 0x51, 0x86, 0x45, 0x47, 0x86, 0x83,
  0x00, 0x56, 0xFE, 0x18, 0xCA, 0xE9, 0xF8, 0xA1, 0xE1, 0x69, 0x88, 0x14, 0x55, 0x0B, 0xC5, 0x4C,
  0x2A, 0xAD, 0x43, 0x94, 0x6A, 0xE1, 0xF0, 0x8E, 0x04, 0x57, 0x06, 0x1A, 0xCA, 0xE9, 0xF8, 0xA1,
  0xE1, 0x65, 0x90, 0x94, 0x2C, 0x52, 0x06, 0x69, 0xB8, 0xAC, 0xC9, 0x54, 0xD9, 0x92, 0x44, 0x8D,
  0x86, 0x77, 0x24, 0x57, 0x28, 0x19, 0xCB, 0xE8, 0x78, 0x73, 0x2C, 0x1D, 0x0E, 0x62, 0x8E, 0x48,
  0x71, 0x96, 0x0E, 0x97, 0x5A, 0x9C, 0xC5, 0x59, 0x3C, 0x9C, 0x72, 0x04, 0x57, 0x30, 0x20, 0xCB,
  0xE8, 0xF8, 0x81, 0x34, 0x4A, 0xD2, 0x28, 0xC9, 0x86, 0x24, 0xD9, 0xA2, 0x25, 0x1B, 0x92, 0x5A,
  0x94, 0xD4, 0xA2, 0xA4, 0xA6, 0x24, 0x92, 0x96, 0x63, 0x61, 0x3C, 0x08, 0x57, 0x3A, 0x20, 0xCB,
  0xE8, 0x78, 0x72, 0x2C, 0x1A, 0xB4, 0x34, 0x1B, 0xA2, 0x34, 0x1A, 0x86, 0x24, 0x4B, 0xA2, 0x24,
  0x4B, 0xA2, 0x44, 0x4A, 0xA2, 0xA9, 0x1D, 0xCB, 0xA1, 0x1C, 0x8A, 0x00, 0x57, 0x40, 0x1E, 0xCB,
  0xE8, 0xB8, 0xC2, 0x34, 0x4C, 0xC3, 0x6C, 0xC8, 0xD2, 0x28, 0x19, 0xA2, 0x4A, 0x1A, 0x25, 0x69,
  0x94, 0xA4, 0x4A, 0x4D, 0x4B, 0x72, 0xA4, 0x3C, 0x0C, 0x02, 0x57, 0x47, 0x1D, 0xCB, 0xE8, 0xB8,
  0xB2, 0x38, 0x8B, 0xA3, 0xE1, 0x90, 0x84, 0x51, 0x92, 0x46, 0x8A, 0x16, 0xA5, 0x49, 0x64, 0xAA,
  0x88, 0x3B, 0x92, 0x63, 0x39, 0xA2, 0x00, 0x57, 0x4F, 0x1E, 0xCB, 0xE8, 0xB8, 0x72, 0x2C, 0x19,
  0x86, 0x28, 0x8D, 0x06, 0x2D, 0x0C, 0xC5, 0x4C, 0xC9, 0xA2, 0x24, 0xAA, 0x44, 0x25, 0x2D, 0x53,
  0x73, 0x2C, 0xC7, 0x32, 0x00, 0x57, 0x50, 0x19, 0xCB, 0xE8, 0x78, 0x73, 0x20, 0x2A, 0x46, 0xC5,
  0xA8, 0x96, 0x74, 0x8A, 0xA6, 0x24, 0xAC, 0xC6, 0xC3, 0x39, 0xC7, 0xD2, 0xE1, 0x20, 0x57, 0x57,
  0x1B, 0xCB, 0xE8, 0xB8, 0xB2, 0x38, 0x8B, 0xB3, 0x28, 0x4B, 0x86, 0x65, 0x88, 0x6A, 0xA5, 0xAC,
  0x94, 0x0D, 0x4F, 0x39, 0x96, 0x43, 0xA1, 0x16, 0x07, 0x57, 0x82, 0x19, 0xCB, 0xE8, 0xF8, 0x01,
  0x71, 0xD0, 0xA1, 0x78, 0xB8, 0x45, 0xA5, 0xE1, 0x20, 0x35, 0x46, 0xB5, 0xE1, 0x9C, 0x63, 0xE9,
  0x70, 0x10, 0x57, 0x8B, 0x1E, 0xCB, 0xE8, 0xF8, 0xB1, 0x64, 0x18, 0xA2, 0x4A, 0xD4, 0x12, 0x45,
  0xC3, 0xA9, 0x12, 0x55, 0xA2, 0x54, 0xCC, 0xA4, 0x61, 0xC8, 0x81, 0x1C, 0x4B, 0x87, 0x83, 0x00,
  0x57, 0xDF, 0x1F, 0xCB, 0xE8, 0xF8, 0x01, 0x2D, 0x4D, 0xA2, 0x64, 0x18, 0x94, 0x34, 0x1B, 0x96,
  0x28, 0xE9, 0x94, 0xF4, 0x94, 0x4C, 0xB6, 0x24, 0x32, 0x25, 0x91, 0x96, 0xC8, 0x59, 0x00, 0x57,
  0xFA, 0x1A, 0xCB, 0xE8, 0xF8, 0x8A, 0xC3, 0x31, 0x8B, 0x07, 0x39, 0x8B, 0x07, 0x39, 0xCB, 0x86,
  0x83, 0xD4, 0xA4, 0x0C, 0x8A, 0x1A, 0x0F, 0x17, 0x00, 0x58, 0x06, 0x1E, 0xCB, 0xE8, 0xB8, 0xA3,
  0xAC, 0x12, 0x46, 0xC3, 0x94, 0x48, 0xD1, 0x90, 0x44, 0x61, 0x34, 0x4C, 0x8D, 0x51, 0x51, 0x19,
  0x06, 0x2D, 0xCA, 0x81, 0x28, 0x07, 0x0E, 0x58, 0x5E, 0x1B, 0xCB, 0xE8, 0x78, 0xD3, 0xE1, 0x29,
  0x8B, 0x92, 0xE1, 0x98, 0x85, 0xC3, 0x31, 0xCB, 0x86, 0x83, 0xD4, 0xA4, 0x0C, 0x8A, 0x1A, 0x0F,
  0x17, 0x00, 0x58, 0x6B, 0x20, 0xCC, 0xE8, 0xF8, 0x81, 0x38, 0x19, 0x86, 0x2C, 0x8C, 0xA3, 0x41,
  0x1A, 0xB6, 0x30, 0x1A, 0xC4, 0x28, 0x0B, 0xA3, 0x41, 0x54, 0xB2, 0x48, 0x19, 0xCE, 0x51, 0x2C,
  0x26, 0x00, 0x58, 0x83, 0x1E, 0xCB, 0xE8, 0x78, 0xC2, 0x34, 0x19, 0x86, 0xA8, 0xD6, 0x92, 0x0D,
  0x07, 0x25, 0xCA, 0x4A, 0x83, 0x16, 0x65, 0xD9, 0x30, 0x48, 0x5A, 0x92, 0x03, 0x51, 0x49, 0x1C,
  0x58, 0x9E, 0x1F, 0xBB, 0xF9, 0x78, 0xC2, 0x2D, 0x49, 0xA3, 0x64, 0x78, 0x29, 0x25, 0x35, 0xA5,
  0x32, 0x0C, 0x4A, 0x34, 0x0C, 0x49, 0x94, 0x26, 0xCA, 0x30, 0x68, 0x69, 0x38, 0x0C, 0x01, 0x58,
  0xF0, 0x1A, 0xCB, 0xE8, 0xB8, 0xD3, 0xE1, 0x10, 0xC7, 0xC3, 0xA0, 0x13, 0x0E, 0x5A, 0x94, 0x65,
  0xC3, 0xA0, 0xE5, 0x50, 0x8E, 0xE5, 0x50, 0x8E, 0x01, 0x59, 0x04, 0x1D, 0xCB, 0xE8, 0xF8, 0x81,
  0x34, 0x4C, 0xC3, 0x74, 0x0A, 0xA3, 0x48, 0x8B, 0x2A, 0x59, 0x12, 0xC5, 0x59, 0x1A, 0xA6, 0x49,
  0x0E, 0x64, 0xC3, 0x90, 0x63, 0x00, 0x59, 0x07, 0x1C, 0xCB, 0xE8, 0x38, 0x73, 0x68, 0x18, 0xEB,
  0xC0, 0x0E, 0x28, 0x6A, 0x3A, 0x24, 0xC3, 0x10, 0x46, 0xC5, 0x61, 0x08, 0xA3, 0xE2, 0x30, 0x84,
  0x69, 0x04, 0x59, 0x0D, 0x18, 0xB9, 0xEA, 0x78, 0x72, 0x64, 0x18, 0x14, 0x2D, 0x4A, 0x06, 0x31,
  0x0B, 0x07, 0x35, 0x07, 0x2E, 0x4A, 0x94, 0x0E, 0xD1, 0x28, 0x59, 0x16, 0x1C, 0xCB, 0xE8, 0xB8,
  0xC2, 0x34, 0x4C, 0x87, 0x24, 0x8D, 0x92, 0x30, 0x4B, 0x42, 0x29, 0x91, 0x22, 0x29, 0x49, 0xA3,
  0x5A, 0x39, 0x4B, 0xC3, 0x6A, 0x06, 0x59, 0x1A, 0x18, 0xCA, 0xE9, 0x38, 0x73, 0x68, 0x48, 0xB3,
  0x4C, 0xA9, 0x03, 0x4A, 0x28, 0x0D, 0x5B, 0x6D, 0x8A, 0x34, 0x1D, 0x90, 0xD5, 0x1D, 0x59, 0x1F,
  0x21, 0xCB, 0xE8, 0x78, 0xD2, 0x30, 0x9D, 0x06, 0x25, 0x0A, 0x93, 0x28, 0x59, 0x6C, 0x89, 0xA4,
  0x25, 0x4A, 0xB2, 0x24, 0x4B, 0x94, 0x0C, 0x89, 0x92, 0x66, 0xA9, 0x94, 0x43, 0x21, 0x00, 0x59,
  0x27, 0x19, 0xCB, 0xE8, 0x78, 0x73, 0x2C, 0xC7, 0x72, 0x2C, 0x1D, 0x0E, 0x6A, 0x0E, 0x25, 0x39,
  0x52, 0x07, 0xB2, 0x38, 0x4B, 0x4B, 0x3A, 0x20, 0x59, 0x2A, 0x1B, 0xCB, 0xE8, 0x78, 0x73, 0x2C,
  0xC7, 0xE2, 0xE1, 0x90, 0xE6, 0x58, 0x0E, 0x25, 0x39, 0x52, 0x07, 0xB2, 0x58, 0x0B, 0xA3, 0x2C,
  0xD1, 0x91, 0x00, 0x59, 0x31, 0x1B, 0xCB, 0xE8, 0x78, 0x73, 0x20, 0xCA, 0x81, 0x28, 0x07, 0x0E,
  0x59, 0x39, 0x4B, 0x87, 0x83, 0x9A, 0x43, 0x49, 0x0E, 0x64, 0x69, 0x49, 0x07, 0x04, 0x59, 0x34,
  0x19, 0xCB, 0xE8, 0xB8, 0x73, 0x2C, 0x47, 0xEA, 0x58, 0x0E, 0x44, 0x39, 0x16, 0x0E, 0x07, 0x9D,
  0x94, 0xE4, 0x40, 0x96, 0x96, 0x72, 0x24, 0x59, 0x51, 0x1E, 0xCB, 0xE8, 0xF8, 0x72, 0x64, 0x48,
  0x06, 0xAD, 0x94, 0x0C, 0x4A, 0x94, 0x95, 0x32, 0x25, 0x1B, 0xA2, 0x48, 0x4E, 0x87, 0x83, 0x98,
  0xC4, 0x9A, 0xA4, 0x03, 0x02, 0x59, 0x7D, 0x1E, 0xCB, 0xE8, 0xB8, 0x72, 0x2C, 0x1A, 0xB4, 0x38,
  0x19, 0xB4, 0x4A, 0x16, 0x26, 0x59, 0x98, 0x0C, 0xA7, 0x2C, 0x1B, 0xB2, 0x34, 0x89, 0xC2, 0x34,
  0x4B, 0x35, 0x00, 0x59, 0x82, 0x20, 0xCB, 0xE8, 0xB8, 0x72, 0x2C, 0xC7, 0xB2, 0xE1, 0x2D, 0x4A,
  0x6A, 0x51, 0x52, 0x4B, 0xA2, 0x24, 0x4B, 0xA2, 0x24, 0x1B, 0xA4, 0x2C, 0x53, 0xB2, 0x28, 0x1B,
  0x94, 0x1C, 0x02, 0x59, 0xCB, 0x22, 0xCB, 0xE8, 0x78, 0xC2, 0x34, 0x4C, 0x93, 0x28, 0x89, 0x86,
  0x24, 0x8B, 0x92, 0x92, 0x94, 0x0C, 0x52, 0x52, 0x96, 0x92, 0x41, 0x19, 0x92, 0xAC, 0xA2, 0x45,
  0x59, 0x25, 0x1C, 0x14, 0x00, 0x5B, 0x50, 0x18, 0xBB, 0xE8, 0xB8, 0x86, 0x21, 0x87, 0x72, 0x28,
  0x87, 0x72, 0x2C, 0x1D, 0x0E, 0x6A, 0x8E, 0xE5, 0x58, 0x8E, 0xE5, 0x90, 0x0A, 0x5B, 0x57, 0x19,
  0xCB, 0xE8, 0x78, 0x73, 0x2C, 0x1D, 0xDE, 0x21, 0x69, 0x90, 0xE2, 0x1C, 0x4A, 0x87, 0x83, 0x9A,
  0x63, 0x39, 0x96, 0x43, 0x2A, 0x00, 0x5B, 0x58, 0x19, 0xCB, 0xE8, 0x38, 0x73, 0x2C, 0x1E, 0x0E,
  0x62, 0x0E, 0x25, 0x83, 0xD8, 0x51, 0x19, 0x06, 0x25, 0x4C, 0xC3, 0x34, 0x4C, 0x33, 0x0D, 0x5B,
  0x66, 0x1A, 0xCB, 0xE8, 0xB8, 0x6A, 0x61, 0x94, 0x44, 0xC3, 0x3B, 0x24, 0x0D, 0x52, 0x9C, 0x43,
  0xF1, 0x70, 0x48, 0x73, 0x2C, 0xC7, 0x72, 0x48, 0x05, 0x5B, 0x83, 0x19, 0xCB, 0xE8, 0x78, 0x73,
  0x2C, 0x1D, 0xDE, 0x21, 0x29, 0xCE, 0x72, 0x2C, 0x53, 0x87, 0x1C, 0xC8, 0xB1, 0x34, 0x4C, 0xD3,
  0x61, 0x01, 0x5B, 0x88, 0x19, 0xCB, 0xE8, 0x78, 0xD3, 0xE1, 0x1D, 0x92, 0xA3, 0x1C, 0x08, 0x87,
  0x3B, 0x12, 0x67, 0x39, 0x10, 0xE5, 0x58, 0x8E, 0xE5, 0x90, 0x06, 0x5B, 0x89, 0x19, 0xCB, 0xE8,
  0x78, 0xD3, 0xE1, 0x2D, 0xD5, 0xD2, 0x30, 0x1E, 0x0E, 0x5A, 0x39, 0x4B, 0x87, 0x24, 0x47, 0x74,
  0x40, 0xD2, 0xE4, 0x04, 0x5B, 0x8C, 0x1A, 0xCB, 0xE8, 0x78, 0xD3, 0xE1, 0x1D, 0x92, 0x06, 0x29,
  0x67, 0x19, 0x0E, 0x62, 0x92, 0x23, 0x75, 0x20, 0xCA, 0xA2, 0x2C, 0x5B, 0x87, 0x00, 0x5B, 0x8F,
  0x1C, 0xCB, 0xE8, 0x78, 0xD3, 0xE1, 0x2D, 0x0D, 0xE3, 0xE1, 0x20, 0xE6, 0x50, 0x92, 0x23, 0x75,
  0x20, 0x4A, 0xC2, 0x28, 0x8B, 0xB2, 0x21, 0xC9, 0xD4, 0x04, 0x5B, 0x9A, 0x1B, 0xCB, 0xE8, 0x78,
  0xD3, 0xE1, 0x1D, 0xD2, 0xA1, 0x68, 0x18, 0x72, 0x20, 0xC7, 0x72, 0x20, 0x1A, 0xC2, 0x28, 0x07,
  0x94, 0x38, 0x52, 0xD3, 0x41, 0x5B, 0x9E, 0x1A, 0xBB, 0xE8, 0x78, 0x86, 0x43, 0x52, 0xD6, 0x92,
  0x1C, 0xCB, 0x81, 0x28, 0x47, 0x6A, 0xC3, 0x6B, 0x0E, 0xE5, 0x50, 0x1A, 0xE5, 0x48, 0x00, 0x5B,
  0xA2, 0x1A, 0xCB, 0xE8, 0x78, 0xD3, 0xE1, 0x2D, 0xD5, 0x86, 0x28, 0x2B, 0x2A, 0x75, 0x48, 0x9E,
  0x2C, 0xC3, 0xA0, 0x85, 0x69, 0x98, 0x0E, 0x13, 0x00, 0x5B, 0xB9, 0x1A, 0xCB, 0xE8, 0x78, 0xD3,
  0xE1, 0xA9, 0x26, 0x65, 0x51, 0xB7, 0x28, 0xA9, 0x66, 0x69, 0x69, 0x38, 0x48, 0x69, 0x98, 0x86,
  0xC3, 0x10, 0x01, 0x5B, 0xBD, 0x1C, 0xBB, 0xE8, 0x78, 0x86, 0x43, 0x12, 0x95, 0xB4, 0xA8, 0x32,
  0xDC, 0x86, 0x41, 0x4B, 0xC3, 0xA8, 0x18, 0x29, 0x61, 0xD2, 0x1A, 0x65, 0x89, 0x38, 0x04, 0x5B,
  0xC4, 0x1C, 0xCB, 0xE8, 0x78, 0xD3, 0xE1, 0xB1, 0x32, 0x0C, 0x72, 0x12, 0x6B, 0xD9, 0x70, 0xD0,
  0x91, 0x70, 0x50, 0xC2, 0x2C, 0x09, 0x07, 0x25, 0x87, 0x24, 0x00, 0x5B, 0xC6, 0x1D, 0xCB, 0xE8,
  0x78, 0xD3, 0xE1, 0x2D, 0x15, 0x93, 0x28, 0xA9, 0x25, 0x51, 0x12, 0x65, 0x52, 0x12, 0x25, 0xD9,
  0x30, 0x46, 0x71, 0x56, 0xCA, 0x4A, 0xC3, 0x05, 0x5B, 0xF8, 0x1A, 0xCB, 0xE8, 0xF8, 0x81, 0x1C,
  0xCB, 0xB1, 0x6C, 0x38, 0xE8, 0x40, 0x8E, 0xA5, 0x61, 0x9C, 0xC5, 0x59, 0x8E, 0xE5, 0x58, 0x0E,
  0x69, 0x00, 0x5B, 0xF9, 0x1C, 0xCB, 0xE8, 0xF8, 0x91, 0x1C, 0x8B, 0x86, 0x30, 0x1E, 0x86, 0x2C,
  0xCC, 0x92, 0x52, 0x98, 0x25, 0x61, 0x9A, 0xC5, 0x39, 0x96, 0x63, 0x39, 0x94, 0x01, 0x5B, 0xFB,
  0x1C, 0xCB, 0xE8, 0xF8, 0x91, 0x70, 0x18, 0x72, 0x2C, 0x1C, 0x86, 0x1C, 0x0B, 0x87, 0x21, 0x87,
  0xB2, 0xE1, 0xA0, 0xD5, 0x81, 0x28, 0xC7, 0x72, 0x2C, 0x03, 0x5B, 0xFC, 0x1C, 0xCB, 0xE8, 0xF8,
  0x91, 0x6C, 0x18, 0xB4, 0x38, 0x1B, 0x06, 0x2D, 0x47, 0xA2, 0xE1, 0x0E, 0x64, 0xC3, 0x41, 0x07,
  0xE2, 0x2C, 0xC7, 0x72, 0x2C, 0x03, 0x5C, 0x01, 0x1D, 0xCB, 0xE8, 0xF8, 0xD2, 0x30, 0x8D, 0x06,
  0x2D, 0x4C, 0x86, 0x2D, 0x4D, 0x86, 0x21, 0x0A, 0xB3, 0x24, 0x1A, 0xB4, 0x30, 0x0D, 0xD3, 0x70,
  0x4B, 0x56, 0x05, 0x5C, 0x04, 0x20, 0xCB, 0xE8, 0xB8, 0xE2, 0x68, 0x08, 0xA3, 0x62, 0x34, 0x1C,
  0x92, 0x28, 0x8C, 0x86, 0x24, 0x2A, 0x29, 0x95, 0x41, 0x4A, 0x42, 0x31, 0x4B, 0xC2, 0x44, 0x0A,
  0x43, 0x4D, 0x01, 0x5C, 0x06, 0x1D, 0xCB, 0xE8, 0xB8, 0x52, 0x2D, 0x19, 0xB2, 0xA4, 0x29, 0x92,
  0x92, 0x5A, 0x94, 0x88, 0x69, 0x38, 0x5C, 0xD4, 0x28, 0xA9, 0x85, 0x51, 0x31, 0x0D, 0x43, 0x09,
  0x5C, 0x0A, 0x1D, 0xCB, 0xE8, 0xF8, 0x8A, 0xC3, 0x21, 0x4C, 0xE2, 0x61, 0xD0, 0x92, 0x52, 0x26,
  0x0D, 0xD9, 0x30, 0xE8, 0x48, 0x36, 0x1C, 0xB4, 0x3A, 0x10, 0xE5, 0x90, 0x06, 0x5C, 0x0F, 0x19,
  0xCB, 0xE8, 0x78, 0x73, 0x2C, 0xC7, 0x72, 0x2C, 0x49, 0xA3, 0x62, 0x94, 0x45, 0x59, 0x29, 0x0B,
  0xC5, 0x6A, 0x8E, 0xE5, 0x90, 0x0A, 0x5C, 0x11, 0x1B, 0xCB, 0xE8, 0x78, 0x73, 0x2C, 0xC7, 0x92,
  0x34, 0x2A, 0x46, 0x59, 0x29, 0x4C, 0xB2, 0x28, 0xD1, 0xA4, 0x1C, 0xCA, 0xA1, 0x1C, 0xD1, 0x01,
  0x1D, 0x5C, 0x14, 0x1B, 0xCA, 0xE8, 0xF8, 0x72, 0x28, 0x47, 0x86, 0x41, 0xC9, 0x01, 0x31, 0x87,
  0x72, 0x20, 0xA9, 0x03, 0x51, 0x16, 0x45, 0x6A, 0x96, 0xE6, 0x48, 0x0A, 0x5C, 0x1A, 0x1A, 0xCB,
  0xE8, 0x78, 0xE3, 0xAC, 0x29, 0x2B, 0x95, 0x86, 0x77, 0x48, 0x1A, 0x24, 0x29, 0x8B, 0xA4, 0x2C,
  0x92, 0x06, 0x49, 0x87, 0x74, 0x44, 0x5C, 0x1D, 0x19, 0xCB, 0xE8, 0x78, 0x73, 0x2C, 0xCA, 0x81,
  0x78, 0x38, 0xE8, 0x50, 0x34, 0x0C, 0x39, 0xE1, 0x35, 0x87, 0xE3, 0x61, 0xC7, 0x22, 0x00, 0x5C,
  0x31, 0x1F, 0xCB, 0xE8, 0xB8, 0xC2, 0x6C, 0x58, 0xEA, 0x48, 0x94, 0x0C, 0x87, 0x24, 0x2A, 0x46,
  0xC5, 0x21, 0x51, 0x33, 0x51, 0x49, 0xB4, 0x24, 0x4A, 0xA2, 0x4A, 0x54, 0x51, 0x07, 0x5C, 0x38,
  0x19, 0xBB, 0xE8, 0xB8, 0x86, 0x53, 0x0E, 0x44, 0x39, 0x10, 0x0D, 0xA7, 0x1C, 0xCB, 0xB1, 0x1C,
  0xCB, 0xA1, 0x1C, 0xCB, 0xA1, 0x1C, 0x03, 0x5C, 0x3A, 0x19, 0xBB, 0xE8, 0xF8, 0x86, 0x21, 0x4C,
  0xC3, 0x34, 0x4C, 0xC3, 0x61, 0x08, 0x93, 0x1C, 0xA9, 0x03, 0x59, 0x1C, 0x96, 0xA3, 0x1C, 0x11,
  0x5C, 0x3D, 0x1B, 0xCB, 0xE8, 0xB8, 0x86, 0x21, 0x4C, 0xC3, 0x34, 0x1C, 0x86, 0xB0, 0x1A, 0xA6,
  0x89, 0x94, 0x85, 0x4A, 0x94, 0x23, 0xD2, 0x0E, 0xEA, 0x60, 0x04, 0x5C, 0x3E, 0x1A, 0xBB, 0xE8,
  0xB8, 0x86, 0x41, 0x8B, 0xB3, 0x61, 0xD0, 0xB2, 0x31, 0x99, 0xB3, 0x21, 0x1B, 0xE4, 0x6C, 0x50,
  0x86, 0x35, 0xCC, 0xE4, 0x21, 0x5C, 0x40, 0x1D, 0xBB, 0xE8, 0xB8, 0x86, 0x41, 0x8B, 0xB3, 0x61,
  0xD0, 0x72, 0x6C, 0x38, 0xE5, 0x40, 0x94, 0x0C, 0x51, 0x12, 0xB5, 0x44, 0x25, 0x6D, 0x88, 0x72,
  0x44, 0x01, 0x5C, 0x42, 0x1C, 0xCB, 0xE8, 0xF8, 0xB1, 0x68, 0x38, 0xE5, 0x40, 0x34, 0x0C, 0x5A,
  0x8E, 0x25, 0xC3, 0x96, 0x63, 0xC3, 0xA9, 0x1C, 0x65, 0x95, 0x61, 0x48, 0x72, 0x28, 0x5C, 0x45,
  0x1C, 0xBB, 0xE8, 0xB8, 0x86, 0x41, 0x8B, 0xB3, 0x61, 0xD0, 0xCA, 0xC3, 0x29, 0x8B, 0xB3, 0x34,
  0x19, 0x86, 0x28, 0x49, 0x93, 0x28, 0x0D, 0x87, 0x21, 0x01, 0x5C, 0x4F, 0x1B, 0xBB, 0xE8, 0x78,
  0x86, 0x53, 0x0E, 0x44, 0xC3, 0x29, 0x09, 0xB3, 0xE1, 0xD4, 0x18, 0x15, 0x87, 0x83, 0x16, 0x65,
  0x51, 0x96, 0x86, 0x19, 0x00, 0x5C, 0x55, 0x1A, 0xBB, 0xE8, 0x78, 0x86, 0x53, 0x0E, 0x44, 0xC3,
  0xA9, 0x31, 0x19, 0x86, 0xA8, 0x71, 0x38, 0x55, 0x32, 0x2D, 0x4A, 0x6A, 0x4B, 0xA8, 0x0A, 0x5C,
  0x5E, 0x1D, 0xCB, 0xE8, 0xB8, 0x86, 0x41, 0x8B, 0xB3, 0xE1, 0x94, 0x0C, 0xE2, 0x52, 0x4C, 0x06,
  0x31, 0x8B, 0x87, 0x8B, 0x96, 0x54, 0xA4, 0x61, 0x48, 0xD6, 0x28, 0x16, 0x5D, 0x29, 0x1D, 0xCB,
  0xE8, 0x78, 0xE3, 0xAC, 0x34, 0xDC, 0xE1, 0x21, 0x1A, 0x92, 0xA8, 0x65, 0x88, 0x86, 0x24, 0x6A,
  0x19, 0xA2, 0x21, 0x89, 0x5A, 0xA2, 0x92, 0x25, 0x12, 0x5D, 0xE5, 0x14, 0x9B, 0xF8, 0x78, 0x86,
  0x73, 0x8E, 0xE5, 0x58, 0x8E, 0xE5, 0x58, 0x8E, 0xE5, 0x58, 0x3A, 0x1C, 0x04, 0x5D, 0xE6, 0x18,
  0xCB, 0xE8, 0x38, 0x73, 0x2C, 0xC7, 0xE2, 0xE1, 0x20, 0xE6, 0x58, 0x0E, 0xE5, 0xD8, 0x30, 0x64,
  0xD5, 0xB0, 0x1A, 0x0F, 0x07, 0x5D, 0xEE, 0x1A, 0xCB, 0xE8, 0xF8, 0xEA, 0x40, 0x92, 0x0E, 0xE7,
  0x1C, 0x38, 0xE4, 0x40, 0x3A, 0x1C, 0xA4, 0x1C, 0x1B, 0x06, 0x29, 0xAC, 0xC6, 0xC3, 0x01, 0x5D,
  0xF1, 0x19, 0xB9, 0xE9, 0x38, 0x0E, 0x3A, 0x92, 0x23, 0x39, 0x92, 0x0C, 0x83, 0x92, 0x23, 0x39,
  0x92, 0x03, 0x3A, 0xA0, 0x03, 0xC9, 0x30, 0x08, 0x5D, 0xF2, 0x17, 0xBB, 0xE8, 0x38, 0xDE, 0xB1,
  0x72, 0x16, 0x67, 0xC3, 0xA0, 0xE5, 0x58, 0x8E, 0xE5, 0x58, 0x8E, 0xD4, 0x91, 0x68, 0x38, 0x5E,
  0x03, 0x1B, 0xCB, 0xE8, 0x78, 0x73, 0x2C, 0x1D, 0x0E, 0x62, 0x92, 0x23, 0x75, 0xE0, 0x90, 0x49,
  0x2D, 0x51, 0x25, 0x6A, 0x8C, 0x8A, 0xD1, 0x8E, 0x84, 0x00, 0x5E, 0x26, 0x1C, 0xCB, 0xE8, 0xF8,
  0x92, 0xE2, 0x70, 0x4C, 0xCA, 0x49, 0x71, 0x38, 0x88, 0xA5, 0x61, 0x08, 0xA3, 0x62, 0x54, 0x8C,
  0x8A, 0x51, 0xA2, 0x03, 0x29, 0x00, 0x5E, 0x27, 0x1D, 0xCA, 0xE9, 0x78, 0xC2, 0xE2, 0x30, 0x64,
  0x99, 0x32, 0x5C, 0xC4, 0x45, 0x89, 0x16, 0x25, 0x5A, 0x94, 0x68, 0x58, 0xA2, 0x24, 0x4A, 0xC2,
  0x2C, 0x6A, 0x0C, 0x5E, 0x2E, 0x1D, 0xBB, 0xE9, 0xF8, 0xB2, 0xE1, 0x90, 0x44, 0xC9, 0xA0, 0x8C,
  0x59, 0x34, 0x0C, 0x49, 0x54, 0x9C, 0xB2, 0x24, 0x1C, 0x4E, 0x59, 0x29, 0x4B, 0x74, 0x20, 0x05,
  0x5E, 0x38, 0x1C, 0xCB, 0xE8, 0xB8, 0x5A, 0x93, 0xDA, 0xF0, 0x34, 0x48, 0x52, 0x16, 0x65, 0x83,
  0x8E, 0xE4, 0xC0, 0x41, 0x8B, 0xB2, 0x52, 0x56, 0xAA, 0x03, 0x29, 0x00, 0x5E, 0x42, 0x1D, 0xBB,
  0xE8, 0x78, 0x86, 0x83, 0x32, 0x0C, 0x49, 0x94, 0x86, 0xC3, 0x10, 0x0E, 0x43, 0x8E, 0x0E, 0x4F,
  0xC3, 0x90, 0x25, 0x2D, 0x53, 0x52, 0x47, 0x52, 0x00, 0x5E, 0x55, 0x1C, 0xCB, 0xE8, 0xF8, 0x6A,
  0xC3, 0x41, 0xAB, 0x0E, 0x43, 0x38, 0x0C, 0x61, 0x1A, 0x0D, 0x07, 0xA9, 0x6D, 0xB8, 0x94, 0x2A,
  0x51, 0x45, 0x07, 0x52, 0x00, 0x5E, 0x72, 0x17, 0xBB, 0xE8, 0x78, 0x86, 0x73, 0x8E, 0xE5, 0x58,
  0x3A, 0x1C, 0xD4, 0x1C, 0xCB, 0xB1, 0x1C, 0xCB, 0xB1, 0x1C, 0x4B, 0x01, 0x5E, 0x73, 0x18, 0xBB,
  0xE8, 0x78, 0x86, 0x73, 0x14, 0x46, 0xD5, 0xA4, 0x9C, 0xA4, 0xC3, 0x41, 0xCD, 0xB1, 0x1C, 0xCB,
  0xB1, 0x1C, 0x4B, 0x01, 0x5E, 0x76, 0x18, 0xCB, 0xE8, 0xB8, 0xD2, 0x62, 0x9A, 0x85, 0xC3, 0x31,
  0x8B, 0xB3, 0x6C, 0x38, 0x68, 0xE5, 0x2C, 0x0D, 0xD3, 0xB0, 0x9A, 0x01, 0x5E, 0x8A, 0x1C, 0xCB,
  0xE8, 0xB8, 0x73, 0x2C, 0x1D, 0x0E, 0x49, 0x8E, 0x85, 0x69, 0x32, 0x0C, 0x4A, 0x98, 0x66, 0x63,
  0x94, 0xD4, 0x92, 0xA8, 0x52, 0x2B, 0x87, 0x00, 0x5E, 0x8F, 0x1C, 0xCB, 0xE8, 0xB8, 0xD3, 0xE1,
  0x90, 0xE4, 0x58, 0x32, 0x0C, 0x51, 0x9C, 0x65, 0xE3, 0x70, 0x48, 0xC2, 0xA8, 0x98, 0x44, 0x69,
  0x98, 0xE6, 0x90, 0x08, 0x5E, 0x93, 0x1C, 0xCB, 0xE8, 0x78, 0x73, 0xE0, 0x20, 0x65, 0x71, 0x56,
  0x1A, 0x4E, 0x95, 0x34, 0x89, 0x92, 0x2C, 0x19, 0xB6, 0x30, 0x1D, 0x0E, 0x49, 0x58, 0x0D, 0x01,
  0x5E, 0x94, 0x1A, 0xBB, 0xF8, 0x78, 0x73, 0xE0, 0x25, 0xC7, 0x8A, 0x49, 0x29, 0x4B, 0xA2, 0x30,
  0x6A, 0x89, 0xEA, 0x40, 0x94, 0x55, 0xB3, 0x68, 0x18, 0x04, 0x5E, 0x95, 0x21, 0xCB, 0xE8, 0x78,
  0xE3, 0xE1, 0x90, 0xA4, 0x5A, 0x32, 0xA4, 0x49, 0x94, 0x26, 0x51, 0x9A, 0x0C, 0x43, 0x94, 0x64,
  0x61, 0x92, 0x85, 0x83, 0x94, 0xE8, 0x88, 0x32, 0x0C, 0x51, 0x00, 0x5E, 0xA6, 0x1C, 0xCB, 0xE8,
  0x78, 0xE3, 0xE1, 0x90, 0x44, 0xC5, 0xE1, 0x90, 0x44, 0xC5, 0x68, 0x08, 0x73, 0x2C, 0x19, 0xB6,
  0xA8, 0x16, 0x8A, 0x99, 0xA2, 0xAD, 0x02, 0x5E, 0xD3, 0x1F, 0xCB, 0xE8, 0x78, 0xE3, 0xE1, 0x90,
  0x44, 0x39, 0xF0, 0x90, 0x24, 0x4B, 0x94, 0xF4, 0x94, 0x2C, 0xDA, 0xA0, 0x24, 0x4A, 0x54, 0x52,
  0x86, 0x49, 0x8B, 0x46, 0x29, 0x03, 0x5E, 0xF6, 0x1E, 0xCC, 0xE8, 0xF8, 0x21, 0x65, 0x48, 0x86,
  0x38, 0x8B, 0xC3, 0x34, 0x4B, 0x86, 0x68, 0xA9, 0x03, 0x49, 0x35, 0x69, 0x8E, 0x92, 0x78, 0x38,
  0x45, 0x72, 0x3A, 0x0C, 0x5E, 0xFA, 0x20, 0xCC, 0xE8, 0xF8, 0x81, 0x74, 0x19, 0xD4, 0x2C, 0x09,
  0x93, 0x61, 0x88, 0xD2, 0x24, 0x5B, 0x06, 0x35, 0x4B, 0x93, 0x64, 0x10, 0xCB, 0xCA, 0x30, 0x45,
  0x4A, 0x98, 0x0E, 0x03, 0x5F, 0x00, 0x17, 0xBB, 0xE9, 0x78, 0x86, 0x63, 0x16, 0x67, 0x71, 0x96,
  0x0D, 0x07, 0xAD, 0x9C, 0xA5, 0x61, 0x1A, 0x56, 0xB3, 0x38, 0x03, 0x5F, 0x02, 0x1A, 0xBB, 0xE9,
  0x78, 0x86, 0x41, 0xC7, 0xB2, 0x61, 0xD0, 0x72, 0xA4, 0x8E, 0x44, 0xC3, 0x31, 0xCA, 0x86, 0x83,
  0x56, 0x0D, 0x33, 0x35, 0x03, 0x5F, 0x03, 0x1B, 0xCB, 0xE8, 0x78, 0xD3, 0xE1, 0x20, 0x46, 0x71,
  0x98, 0x0D, 0x43, 0x12, 0x66, 0x49, 0x98, 0x65, 0xC3, 0x41, 0x2B, 0x67, 0x69, 0x58, 0xCD, 0x00,
  0x5F, 0x0F, 0x1B, 0xCB, 0xE8, 0xB8, 0x73, 0x2C, 0xC9, 0x91, 0x28, 0x19, 0x0E, 0x72, 0x3A, 0xEC,
  0x40, 0x94, 0x03, 0x59, 0x9C, 0xC5, 0x4B, 0x65, 0xD5, 0xB1, 0x04, 0x5F, 0x15, 0x18, 0xC9, 0xE9,
  0xF8, 0x91, 0x61, 0x0B, 0xB3, 0x30, 0x1B, 0x36, 0x1D, 0xB8, 0x85, 0x59, 0x98, 0x85, 0x59, 0x98,
  0x25, 0x63, 0x00, 0x5F, 0x39, 0x1C, 0xCA, 0xE9, 0xB8, 0xC4, 0x64, 0xAC, 0x0C, 0x9A, 0x94, 0x24,
  0xC3, 0x25, 0xAA, 0x94, 0x2A, 0xC9, 0x21, 0x1C, 0x06, 0x29, 0xCB, 0xA1, 0x2C, 0xCD, 0x00, 0x5F,
  0x3A, 0x1F, 0xBB, 0xF9, 0x38, 0x86, 0x64, 0x10, 0x93, 0x2C, 0x4C, 0x06, 0x65, 0xC8, 0x8A, 0xC3,
  0x21, 0x89, 0x92, 0x2C, 0x89, 0x92, 0x2C, 0x19, 0xB6, 0x3A, 0x70, 0x48, 0x74, 0x04, 0x5F, 0x52,
  0x18, 0xBA, 0xF9, 0xF8, 0x72, 0x28, 0x19, 0xA6, 0x54, 0x4A, 0xA5, 0x54, 0x1A, 0x06, 0x29, 0x95,
  0xD2, 0x2C, 0x8D, 0xE2, 0x69, 0x18, 0x5F, 0x53, 0x19, 0xC9, 0xE9, 0x38, 0xD3, 0xA8, 0x96, 0x44,
  0x59, 0x52, 0x1A, 0xEE, 0x48, 0x8E, 0x24, 0xC3, 0xA0, 0x23, 0x39, 0x32, 0x1C, 0x72, 0x24, 0x5F,
  0x55, 0x1C, 0xCB, 0xE8, 0xF8, 0x91, 0x70, 0x18, 0x72, 0x2C, 0x1C, 0x86, 0x1C, 0x8B, 0x86, 0x83,
  0x9A, 0xC5, 0x51, 0x0E, 0x24, 0x71, 0x12, 0x4B, 0x99, 0x18, 0x03, 0x5F, 0x62, 0x1F, 0xCB, 0xE8,
  0xF8, 0x91, 0x68, 0x98, 0xB2, 0xA8, 0x18, 0x55, 0xA2, 0x4A, 0x94, 0x0C, 0x53, 0x16, 0x65, 0xA5,
  0x96, 0x28, 0x4D, 0xA2, 0x30, 0xAA, 0x45, 0x59, 0x94, 0x01, 0x5F, 0x71, 0x20, 0xCB, 0xE8, 0x78,
  0x06, 0x29, 0x2B, 0x65, 0x83, 0x12, 0x66, 0x52, 0x34, 0x68, 0x61, 0x69, 0x18, 0x92, 0xAC, 0x12,
  0x25, 0x83, 0x98, 0xB4, 0x25, 0x51, 0x25, 0xD4, 0x32, 0x00, 0x5F, 0x84, 0x1E, 0xCB, 0xE8, 0xB8,
  0x72, 0x2C, 0x19, 0xA6, 0x24, 0x4D, 0xA2, 0x44, 0x09, 0xAB, 0x59, 0x92, 0x29, 0x4A, 0xB2, 0x84,
  0x69, 0x32, 0x6C, 0x61, 0x1A, 0xA6, 0xC3, 0x01, 0x5F, 0x85, 0x1C, 0xCB, 0xE8, 0xB8, 0xB2, 0x38,
  0x19, 0xA6, 0x24, 0x0A, 0xA3, 0xF2, 0x70, 0x4A, 0xB3, 0xE1, 0xA0, 0xD4, 0xC2, 0xA8, 0x98, 0x86,
  0x69, 0x18, 0x4A, 0x00, 0x5F, 0x97, 0x1E, 0xCB, 0xE8, 0xB8, 0x72, 0x2C, 0x19, 0xB4, 0x28, 0x8B,
  0x92, 0x64, 0x10, 0x93, 0xAC, 0x32, 0x1C, 0xE2, 0x6C, 0x38, 0x24, 0x51, 0xD6, 0x94, 0xC5, 0x59,
  0x2A, 0x01, 0x5F, 0xA1, 0x21, 0xCB, 0xE8, 0x78, 0xEA, 0x48, 0x71, 0x88, 0x86, 0x45, 0x89, 0x2A,
  0xD1, 0x30, 0x24, 0xB5, 0x28, 0x59, 0x92, 0x21, 0xE9, 0x94, 0x74, 0x4A, 0x5A, 0x06, 0x69, 0x90,
  0xB2, 0x38, 0x02, 0x5F, 0xAA, 0x22, 0xCB, 0xE8, 0xB8, 0xC2, 0x2D, 0x59, 0xA3, 0x5A, 0x92, 0x0C,
  0x43, 0x94, 0x44, 0x61, 0x34, 0x4C, 0x91, 0x96, 0x48, 0xC3, 0x94, 0xD4, 0xA2, 0x24, 0x19, 0x24,
  0x29, 0x8B, 0xB2, 0x41, 0x01, 0x5F, 0xAE, 0x22, 0xCC, 0xE8, 0xB8, 0x6A, 0x61, 0x94, 0x55, 0x3A,
  0x55, 0x2A, 0xD3, 0x30, 0x24, 0x51, 0x9C, 0x24, 0xCA, 0xB0, 0x44, 0x95, 0x28, 0x8B, 0x92, 0x28,
  0x8B, 0x92, 0xA6, 0x24, 0x8B, 0x8A, 0x05, 0x5F, 0xC3, 0x1C, 0xCB, 0xE8, 0x38, 0x73, 0x30, 0x07,
  0x73, 0xA4, 0x8E, 0xE4, 0x48, 0x31, 0x4B, 0xD2, 0x24, 0x4A, 0x93, 0x28, 0xD5, 0xCA, 0x59, 0x0E,
  0x0C, 0x11, 0x00, 0x5F, 0xC5, 0x1E, 0xCB, 0xE8, 0x38, 0x73, 0x30, 0xCA, 0x81, 0x28, 0x0D, 0xD3,
  0x2C, 0x4C, 0xB2, 0x24, 0x4A, 0xA2, 0x2C, 0x69, 0x94, 0x74, 0x28, 0x0C, 0xC5, 0x48, 0x1A, 0x24,
  0x00, 0x5F, 0xD7, 0x1A, 0xCB, 0xE8, 0x78, 0x73, 0x2C, 0x1D, 0x0E, 0x6A, 0x8E, 0xC5, 0xC3, 0x9D,
  0x52, 0x4E, 0xA2, 0x96, 0x28, 0x49, 0xA4, 0x30, 0x09, 0x07, 0x09, 0x5F, 0xD9, 0x1F, 0xCB, 0xE8,
  0xB8, 0xC2, 0x34, 0x4C, 0xC3, 0x34, 0x19, 0x86, 0x64, 0x89, 0x15, 0x35, 0x89, 0x72, 0x20, 0xCA,
  0x81, 0x28, 0x07, 0xA2, 0x1C, 0x88, 0x72, 0x20, 0x1B, 0x04, 0x5F, 0xEB, 0x1C, 0xCB, 0xE8, 0xB8,
  0xB2, 0x38, 0x8B, 0x93, 0x61, 0x2B, 0x45, 0x53, 0x49, 0x19, 0x06, 0x25, 0x8B, 0x33, 0x35, 0x53,
  0xA3, 0x62, 0x12, 0x66, 0x72, 0x00, 0x5F, 0xF5, 0x1E, 0xCB, 0xE8, 0x78, 0x73, 0x28, 0xC9, 0x81,
  0x2C, 0x4D, 0x96, 0x48, 0x07, 0xA4, 0x61, 0xC8, 0xA1, 0x1C, 0x51, 0x93, 0xA8, 0x25, 0xCA, 0xA4,
  0x30, 0x09, 0x07, 0x09, 0x5F, 0xFD, 0x1C, 0xCB, 0xE8, 0xF8, 0x72, 0x2C, 0x87, 0x86, 0x41, 0x6A,
  0x29, 0xB5, 0x45, 0x59, 0x9C, 0xA8, 0x51, 0x9A, 0x44, 0x2D, 0xB1, 0x14, 0x26, 0xE1, 0x20, 0x01,
  0x60, 0x01, 0x1A, 0xBB, 0xF8, 0x78, 0xD3, 0xE1, 0xA0, 0xE6, 0x50, 0x92, 0x03, 0x92, 0x18, 0x65,
  0x3B, 0x25, 0x4E, 0x6A, 0x51, 0x92, 0x45, 0xD9, 0xA0, 0x01, 0x60, 0x27, 0x1E, 0xCB, 0xE8, 0xB8,
  0xC2, 0x34, 0x4A, 0xD2, 0x68, 0xD0, 0xA2, 0x24, 0x5C, 0x8A, 0x4A, 0x94, 0x25, 0xD1, 0xA0, 0x85,
  0x69, 0x98, 0x86, 0x69, 0x98, 0x26, 0xC3, 0x10, 0x60, 0x3B, 0x18, 0xB9, 0xFA, 0x38, 0xD2, 0xAC,
  0x0E, 0x45, 0xC3, 0xA0, 0xA4, 0x51, 0x1A, 0x0D, 0x43, 0x0E, 0x46, 0x62, 0x96, 0x54, 0x86, 0x09,
  0x60, 0x62, 0x20, 0xCB, 0xE8, 0xB8, 0x72, 0x2C, 0x1A, 0xA6, 0xC6, 0xA8, 0x92, 0x48, 0x89, 0x92,
  0x2C, 0xC9, 0xA4, 0x2C, 0x51, 0x12, 0x15, 0x93, 0x2C, 0x4C, 0xA2, 0x24, 0x53, 0xA4, 0x6C, 0x0D,
  0x60, 0x6F, 0x1F, 0xCB, 0xE8, 0x38, 0x73, 0x64, 0x18, 0xC2, 0x34, 0x1C, 0x86, 0x30, 0x0D, 0x87,
  0x21, 0x4C, 0xC3, 0x61, 0xC8, 0x92, 0x5A, 0x94, 0x44, 0x99, 0x14, 0x26, 0xE1, 0x20, 0x01, 0x60,
  0x70, 0x1E, 0xCB, 0xE8, 0xB8, 0xC2, 0x34, 0x4C, 0xB3, 0x24, 0xCC, 0x92, 0x6C, 0xC9, 0x22, 0x25,
  0x59, 0xEC, 0x50, 0x34, 0x68, 0x51, 0x56, 0xCA, 0x4A, 0x59, 0x69, 0x50, 0x00, 0x60, 0xAC, 0x1B,
  0xBB, 0xF8, 0xB8, 0x86, 0x21, 0x1C, 0x86, 0x30, 0x0D, 0x87, 0x21, 0x1A, 0x0E, 0x62, 0x0E, 0x65,
  0xF1, 0x30, 0x46, 0x72, 0x56, 0x1B, 0x26, 0x00, 0x60, 0xC5, 0x21, 0xCC, 0xE8, 0xB8, 0xC2, 0x38,
  0x19, 0x86, 0x2C, 0x8C, 0x93, 0x61, 0xDB, 0x52, 0x65, 0xB8, 0x44, 0x59, 0x18, 0x0D, 0x62, 0x94,
  0x85, 0xD1, 0x20, 0x46, 0x59, 0x18, 0x45, 0x12, 0x00, 0x60, 0xF3, 0x20, 0xCB, 0xE8, 0xB8, 0x72,
  0x64, 0x38, 0x64, 0x51, 0x16, 0x49, 0x83, 0xB4, 0x64, 0x49, 0x65, 0x58, 0x4A, 0x59, 0x69, 0x90,
  0x92, 0x72, 0x12, 0x55, 0xA2, 0x2C, 0x0A, 0x87, 0x0C, 0x61, 0x0F, 0x1D, 0xCB, 0xE8, 0x78, 0xE3,
  0xE1, 0x98, 0x65, 0xC3, 0x41, 0x4A, 0xC3, 0x61, 0x08, 0xD3, 0x70, 0x18, 0xB2, 0xA4, 0x9C, 0x44,
  0x95, 0x28, 0x4C, 0xC2, 0x41, 0x02, 0x61, 0x62, 0x1F, 0xCB, 0xE8, 0xB8, 0xA2, 0x41, 0x8B, 0xB2,
  0xD2, 0x20, 0x49, 0x59, 0x34, 0x1C, 0x94, 0x2E, 0x4A, 0x32, 0x0C, 0x51, 0x8E, 0x25, 0xC3, 0x16,
  0x65, 0xB5, 0x71, 0xC8, 0x04, 0x61, 0xD2, 0x1F, 0xCB, 0xE8, 0x78, 0xA2, 0x2C, 0x1B, 0x16, 0xA9,
  0x69, 0x19, 0x94, 0xC4, 0x32, 0x0C, 0x89, 0x4B, 0x32, 0x28, 0x4A, 0xA4, 0x24, 0x4A, 0xE2, 0x25,
  0x8C, 0x8A, 0x51, 0x07, 0x62, 0x10, 0x1D, 0xCB, 0xE8, 0xB8, 0x93, 0x1C, 0x89, 0xA2, 0xE1, 0x90,
  0x84, 0x69, 0x18, 0x45, 0x43, 0x12, 0xB5, 0xD4, 0xA2, 0x48, 0x8B, 0x8A, 0x4A, 0xBF, 0x6D, 0x69,
  0x00, 0x62, 0x11, 0x1D, 0xCB, 0xE8, 0x38, 0x93, 0x74, 0x4A, 0xD2, 0xA8, 0x18, 0x85, 0xC3, 0x41,
  0x8B, 0x8A, 0x51, 0x71, 0xA9, 0x0C, 0x99, 0x1A, 0x25, 0xB5, 0x24, 0x93, 0xE4, 0x00, 0x62, 0x16,
  0x1D, 0xCB, 0xE8, 0xB8, 0x93, 0x1C, 0x89, 0x92, 0xE1, 0x20, 0xA7, 0x43, 0x12, 0xB5, 0x44, 0x2D,
  0x51, 0x34, 0x44, 0x3A, 0xA4, 0x2A, 0x95, 0x21, 0xCA, 0xAC, 0x01, 0x62, 0x2A, 0x20, 0xCC, 0xE8,
  0xF8, 0xC2, 0x70, 0x90, 0xD4, 0x30, 0x49, 0x86, 0xA7, 0xC6, 0x61, 0x29, 0xD5, 0x92, 0x64, 0x18,
  0x12, 0x2D, 0x0A, 0xB3, 0x61, 0x51, 0x4A, 0x25, 0x65, 0x18, 0x03, 0x62, 0x33, 0x20, 0xCC, 0xE8,
  0x38, 0x96, 0x45, 0x93, 0x94, 0x7E, 0x94, 0x86, 0x41, 0xE9, 0x98, 0x45, 0x49, 0x54, 0x4B, 0xA2,
  0x61, 0x91, 0xA4, 0x30, 0x1B, 0x16, 0xA5, 0x54, 0x52, 0x86, 0x31, 0x62, 0x37, 0x1A, 0xCB, 0xE8,
  0x78, 0x73, 0x30, 0x1E, 0x2E, 0x39, 0x52, 0x47, 0x92, 0xE1, 0x90, 0xE4, 0x58, 0x8E, 0xE5, 0x58,
  0x8E, 0xE5, 0x50, 0x8E, 0x01, 0x62, 0x40, 0x20, 0xCC, 0xE8, 0xF8, 0x21, 0x65, 0x50, 0x76, 0x28,
  0x1E, 0x92, 0x38, 0x4A, 0x86, 0x25, 0x4A, 0xA2, 0x6C, 0x48, 0xA2, 0x2C, 0x8C, 0xB2, 0x3E, 0x65,
  0x61, 0x94, 0x23, 0x11, 0x00, 0x62, 0x4B, 0x18, 0xCB, 0xE8, 0xF8, 0x91, 0x1C, 0x51, 0x87, 0x1C,
  0x8B, 0x87, 0x73, 0x8E, 0xA5, 0xC3, 0x41, 0xCD, 0xB1, 0x1C, 0xCB, 0x21, 0x15, 0x62, 0x4D, 0x1A,
  0xCB, 0xE8, 0xB8, 0x73, 0x2C, 0xC7, 0xC2, 0xE1, 0x20, 0xE7, 0x58, 0x92, 0x23, 0x3A, 0xA2, 0x03,
  0x4A, 0xAA, 0xE5, 0x58, 0x0E, 0x89, 0x00, 0x62, 0x53, 0x1A, 0xCB, 0xE8, 0xB8, 0x72, 0x2C, 0x1A,
  0xA6, 0x34, 0x1A, 0xC2, 0x6A, 0x98, 0x86, 0x62, 0xB4, 0x86, 0x69, 0x98, 0x86, 0x69, 0x26, 0x4A,
  0x00, 0x62, 0x67, 0x1F, 0xCB, 0xE8, 0xB8, 0xB2, 0x38, 0x8B, 0xB3, 0x24, 0x1A, 0x0E, 0x59, 0x25,
  0x94, 0x92, 0x4C, 0x52, 0xA2, 0x24, 0x4B, 0xC2, 0x28, 0x11, 0xA3, 0x4A, 0x94, 0x84, 0x4A, 0x1D,
  0x62, 0x69, 0x1B, 0xCB, 0xE8, 0xB8, 0xC2, 0x34, 0x4C, 0xA3, 0xE1, 0xA0, 0x23, 0x75, 0x64, 0x07,
  0x94, 0x38, 0xA9, 0x23, 0x75, 0xA4, 0x8E, 0xD4, 0x81, 0x24, 0x07, 0x62, 0x6B, 0x20, 0xCB, 0xE8,
  0xB8, 0x72, 0x2C, 0x1A, 0xA6, 0x1C, 0x18, 0xE4, 0x28, 0x07, 0x22, 0x65, 0x58, 0x74, 0x40, 0xC9,
  0x81, 0x28, 0x07, 0xA2, 0x1C, 0x88, 0xA2, 0x61, 0xC9, 0x21, 0x00, 0x62, 0x70, 0x1C, 0xCB, 0xE8,
  0xB8, 0xC2, 0x34, 0x4C, 0xC3, 0x6C, 0x90, 0x5A, 0x86, 0x21, 0xD2, 0x42, 0x4D, 0x4B, 0x32, 0x35,
  0x53, 0xA3, 0x24, 0x6A, 0x5A, 0xA2, 0x18, 0x62, 0x79, 0x1D, 0xCC, 0xE8, 0xB8, 0x5A, 0xA3, 0x6A,
  0x54, 0x1B, 0x92, 0x28, 0x91, 0xA2, 0x41, 0x8C, 0xAA, 0x4A, 0x94, 0x4D, 0xD5, 0xA8, 0x1A, 0x75,
  0x1A, 0xA2, 0xC4, 0x36, 0x62, 0x7E, 0x1D, 0xCB, 0xE8, 0xB8, 0xB2, 0x24, 0xCC, 0xA2, 0xAC, 0x9C,
  0x0C, 0x2F, 0x51, 0x56, 0xCA, 0x2A, 0xE1, 0x24, 0x8D, 0x69, 0x96, 0x94, 0x12, 0x4D, 0xD1, 0x81,
  0x00, 0x62, 0x7F, 0x1C, 0xBB, 0xE8, 0xB8, 0x86, 0x21, 0x87, 0x72, 0x28, 0x1B, 0x92, 0x21, 0xC9,
  0xA2, 0xE2, 0x30, 0x84, 0x51, 0x2D, 0x19, 0x94, 0x28, 0xAB, 0x84, 0x45, 0x15, 0x62, 0x8A, 0x1E,
  0xCB, 0xE8, 0xB8, 0x72, 0x2C, 0x19, 0x86, 0x28, 0x89, 0xA2, 0x61, 0x6A, 0x89, 0x5A, 0x86, 0x21,
  0x9A, 0x97, 0x1C, 0xA9, 0x23, 0xD5, 0x28, 0x49, 0x13, 0x69, 0x18, 0x62, 0x91, 0x1E, 0xCB, 0xE8,
  0xB8, 0xB2, 0x38, 0x51, 0x86, 0x28, 0x89, 0xA2, 0x61, 0x6A, 0x89, 0x5A, 0xA2, 0xD2, 0x14, 0x0D,
  0x49, 0xD4, 0x32, 0x44, 0xD1, 0x2D, 0x0C, 0xC5, 0x0C, 0x62, 0x96, 0x1C, 0xCB, 0xE8, 0xB8, 0xD2,
  0x30, 0x2A, 0x66, 0x49, 0x34, 0x84, 0xA5, 0x62, 0x96, 0x84, 0x62, 0xB4, 0x4E, 0xC9, 0x20, 0xA6,
  0x61, 0x9A, 0xA9, 0x11, 0x00, 0x62, 0x98, 0x1E, 0xCB, 0xE8, 0xB8, 0xE2, 0x2C, 0x1A, 0xC2, 0x28,
  0x1D, 0x92, 0x1C, 0x88, 0x86, 0xA9, 0x51, 0x89, 0xA2, 0xA9, 0x98, 0x64, 0x61, 0x92, 0x85, 0x62,
  0xA6, 0x46, 0x00, 0x62, 0xA2, 0x1F, 0xCB, 0xE8, 0xB8, 0xC2, 0x34, 0x53, 0x33, 0x6D, 0x98, 0xC2,
  0x64, 0x18, 0x22, 0x25, 0xCA, 0xA4, 0x96, 0xA8, 0x18, 0x25, 0x69, 0x14, 0x46, 0xD9, 0xA0, 0xE4,
  0x10, 0x00, 0x62, 0xA4, 0x1C, 0xCB, 0xE8, 0xB8, 0xB2, 0x38, 0x4C, 0xA3, 0xE1, 0xA0, 0x46, 0x49,
  0x1A, 0x0D, 0x17, 0x25, 0x4E, 0xEA, 0x48, 0x1D, 0xA9, 0x23, 0x75, 0x20, 0xC9, 0x01, 0x62, 0xBD,
  0x1F, 0xCB, 0xE8, 0xB8, 0xC2, 0x34, 0x4C, 0xC3, 0x6C, 0x38, 0x48, 0x49, 0xD4, 0x12, 0x95, 0xA6,
  0x68, 0x48, 0x86, 0x21, 0x4A, 0xA2, 0x96, 0xA8, 0x25, 0xAA, 0x28, 0xC3, 0x10, 0x62, 0xC6, 0x1E,
  0xCC, 0xE8, 0xB8, 0x62, 0x2D, 0x1A, 0xD2, 0x28, 0x1E, 0x76, 0x24, 0x1A, 0x86, 0xA8, 0x55, 0x89,
  0xB2, 0x29, 0x51, 0xA3, 0x68, 0x8B, 0xBA, 0x64, 0xA1, 0x9A, 0x01, 0x62, 0xD4, 0x1C, 0xCB, 0xE8,
  0xB8, 0xB2, 0x24, 0xCC, 0xA2, 0xAC, 0x9C, 0x0D, 0xCF, 0x59, 0x94, 0x85, 0x49, 0x36, 0x49, 0x63,
  0x9A, 0x25, 0xA5, 0x44, 0x53, 0x74, 0x20, 0x62, 0xDF, 0x1F, 0xCB, 0xE8, 0xB8, 0x72, 0x2C, 0xCE,
  0xE2, 0x64, 0x90, 0x92, 0x2C, 0x09, 0xB3, 0x31, 0x52, 0xC2, 0xA4, 0x31, 0x4B, 0x4A, 0x59, 0x22,
  0x25, 0x51, 0x18, 0x25, 0x61, 0x08, 0x62, 0xE2, 0x20, 0xCB, 0xE8, 0xB8, 0xB2, 0x38, 0x4B, 0xC2,
  0x2C, 0x89, 0x06, 0x25, 0x8B, 0x92, 0x61, 0x88, 0x8C, 0x52, 0x12, 0x29, 0x51, 0x52, 0x0B, 0xC5,
  0x24, 0x6A, 0x49, 0x06, 0xA5, 0x0E, 0x62, 0xE5, 0x22, 0xCB, 0xE8, 0x78, 0x72, 0xA4, 0x34, 0x0C,
  0x49, 0x54, 0x1A, 0xA6, 0x4A, 0x32, 0x0C, 0x8A, 0x12, 0x55, 0xA2, 0x96, 0x68, 0x18, 0x92, 0xA8,
  0xA5, 0x16, 0x25, 0x62, 0x94, 0xE4, 0x40, 0x02, 0x62, 0xE9, 0x1B, 0xCB, 0xE8, 0xB8, 0x72, 0x2C,
  0x1A, 0xC2, 0x2C, 0x1C, 0xB2, 0xB4, 0x38, 0x2A, 0xD2, 0x10, 0x25, 0x61, 0x9A, 0x0C, 0x5B, 0x98,
  0x86, 0xD5, 0x0C, 0x62, 0xEC, 0x1E, 0xCB, 0xE8, 0xB8, 0x52, 0x2D, 0x19, 0xD2, 0x30, 0x1B, 0xB2,
  0x34, 0x19, 0x86, 0x28, 0x4C, 0xB5, 0x6C, 0x1A, 0xB4, 0x28, 0x2B, 0x65, 0xA5, 0x2C, 0x92, 0x06,
  0x05, 0x62, 0xF7, 0x1E, 0xCB, 0xE8, 0xB8, 0xB2, 0x38, 0x19, 0xB6, 0xE2, 0x10, 0x25, 0xE1, 0x70,
  0x8A, 0xE4, 0x24, 0x19, 0x92, 0x21, 0x8A, 0xA3, 0x41, 0x8B, 0xB2, 0x72, 0x24, 0x4A, 0x00, 0x62,
  0xFC, 0x1D, 0xBB, 0xE9, 0xB8, 0x8A, 0x51, 0x16, 0x25, 0x43, 0x32, 0x4C, 0x59, 0x94, 0x95, 0x32,
  0x65, 0xB8, 0x45, 0x59, 0x29, 0x8B, 0xB2, 0x52, 0x16, 0x29, 0x61, 0x02, 0x63, 0x01, 0x1C, 0xCB,
  0xE8, 0xB8, 0xB2, 0x38, 0x19, 0xB6, 0xE2, 0x10, 0xC5, 0xC9, 0x30, 0x44, 0x69, 0x38, 0xBC, 0x64,
  0x61, 0x54, 0x4C, 0xC3, 0x34, 0x13, 0x25, 0x00, 0x63, 0x02, 0x1D, 0xCB, 0xE8, 0xB8, 0xC2, 0x34,
  0x4C, 0xA3, 0x41, 0x19, 0xA4, 0x34, 0x4C, 0x93, 0x61, 0x88, 0xB4, 0x6C, 0x4C, 0xA3, 0x41, 0x0B,
  0xD3, 0x30, 0x54, 0x86, 0x21, 0x63, 0x07, 0x21, 0xCB, 0xE8, 0xB8, 0x92, 0x1C, 0xA9, 0x69, 0xC9,
  0x90, 0x0D, 0x6A, 0x14, 0x0D, 0x53, 0x8E, 0x0D, 0x83, 0xB2, 0x84, 0x59, 0x32, 0x6C, 0x49, 0x98,
  0x25, 0x61, 0xA4, 0x0C, 0x0B, 0x00, 0x63, 0x09, 0x21, 0xCC, 0xE8, 0xB8, 0xC2, 0x38, 0x19, 0x86,
  0x2C, 0x49, 0x93, 0x41, 0xC9, 0xDA, 0x81, 0x64, 0x18, 0x24, 0xA9, 0xB4, 0x45, 0x61, 0x24, 0x85,
  0xA1, 0x9A, 0x45, 0x99, 0x22, 0x26, 0x00, 0x63, 0x55, 0x22, 0xCC, 0xE8, 0xB8, 0xC2, 0x24, 0x2C,
  0x65, 0xC9, 0xF0, 0x16, 0x27, 0xC3, 0x90, 0x25, 0x51, 0x6D, 0xB8, 0x2C, 0x51, 0x2D, 0x19, 0x86,
  0x2C, 0x89, 0x6A, 0x49, 0x54, 0x52, 0xA2, 0x44, 0x01, 0x63, 0x5F, 0x20, 0xCB, 0xE8, 0xB8, 0x72,
  0x20, 0x8A, 0x86, 0xA9, 0x38, 0x28, 0x83, 0x96, 0x0D, 0x99, 0x12, 0x26, 0x52, 0x12, 0x29, 0x51,
  0x12, 0xB5, 0x44, 0x2D, 0x69, 0x16, 0xD5, 0xC2, 0x00, 0x63, 0x62, 0x1E, 0xCB, 0xE8, 0xB8, 0xB2,
  0x38, 0x1B, 0x6B, 0x83, 0x94, 0x64, 0xC9, 0xB0, 0x4D, 0x49, 0xA4, 0x44, 0x49, 0x65, 0x38, 0x85,
  0x69, 0x16, 0x47, 0x99, 0x92, 0xA8, 0x01, 0x63, 0x6E, 0x21, 0xCB, 0xE8, 0xB8, 0x72, 0x2C, 0x19,
  0xB6, 0x24, 0x4C, 0x86, 0x43, 0x96, 0x44, 0x69, 0x32, 0x0C, 0xD1, 0x94, 0x2D, 0x51, 0x9A, 0x0C,
  0x9B, 0x92, 0x65, 0x4A, 0x16, 0x49, 0x83, 0x02, 0x63, 0x77, 0x21, 0xCC, 0xE8, 0xB8, 0xC2, 0x38,
  0x19, 0x86, 0x2C, 0x0C, 0x87, 0x64, 0x10, 0x2B, 0x61, 0x32, 0x0C, 0x99, 0x96, 0x44, 0x07, 0x31,
  0x4A, 0xE2, 0x28, 0x19, 0xB2, 0x24, 0x51, 0xC7, 0x21, 0x63, 0x89, 0x1F, 0xCC, 0xE8, 0xB8, 0xC2,
  0x38, 0x1C, 0xB2, 0x30, 0x1C, 0x0E, 0x5A, 0x14, 0x66, 0xD1, 0xB0, 0x29, 0x61, 0x32, 0x0D, 0x5B,
  0x18, 0x27, 0xC3, 0x20, 0x85, 0xA9, 0x18, 0x02, 0x63, 0x92, 0x20, 0xCC, 0xE8, 0xB8, 0xB2, 0x24,
  0xCD, 0x92, 0x34, 0x79, 0x88, 0x92, 0x34, 0x4B, 0xD2, 0xE4, 0x26, 0x25, 0xD9, 0x96, 0xA4, 0x83,
  0x32, 0x44, 0xAD, 0x51, 0x51, 0xC9, 0x32, 0x00, 0x63, 0xA5, 0x22, 0xCC, 0xE8, 0xB8, 0xC2, 0x38,
  0x19, 0x86, 0x2C, 0xCA, 0xA2, 0x21, 0x4A, 0xD2, 0x64, 0x18, 0xA4, 0x30, 0x1E, 0x1E, 0xB2, 0x28,
  0xCC, 0xA2, 0x30, 0x1A, 0xD2, 0x30, 0xC9, 0x94, 0x2D, 0x01, 0x63, 0xA7, 0x1C, 0xCB, 0xE8, 0xB8,
  0xC2, 0x34, 0x4C, 0x93, 0xE1, 0xA5, 0x29, 0x4B, 0xC2, 0x44, 0x93, 0x74, 0x60, 0x1A, 0xA6, 0x30,
  0x0D, 0xD3, 0x30, 0x54, 0x86, 0x21, 0x63, 0xA8, 0x1F, 0xCB, 0xE8, 0xB8, 0xB2, 0x28, 0xAB, 0x84,
  0xD1, 0x70, 0x48, 0xA2, 0x30, 0x91, 0xC2, 0x68, 0xD0, 0x94, 0x28, 0x9A, 0x8A, 0xD1, 0xA0, 0x45,
  0xC5, 0xA8, 0x26, 0x0D, 0x03, 0x63, 0xA9, 0x1E, 0xCC, 0xE8, 0xB8, 0xC2, 0x38, 0x8C, 0x93, 0xE1,
  0xA5, 0x31, 0x89, 0x6A, 0xCA, 0xA0, 0x44, 0x4A, 0xD3, 0x41, 0x8C, 0x92, 0x62, 0x34, 0x88, 0xB5,
  0x44, 0x1D, 0x02, 0x63, 0xCF, 0x21, 0xCB, 0xE8, 0xB8, 0x6A, 0x95, 0x61, 0x88, 0xB2, 0x28, 0x19,
  0xA2, 0x5A, 0x8E, 0x25, 0xC3, 0x10, 0x4D, 0xD1, 0x90, 0x44, 0x2D, 0xC3, 0x10, 0x25, 0x51, 0x4B,
  0x54, 0x51, 0x86, 0x21, 0x63, 0xD0, 0x1F, 0xCC, 0xE8, 0xB8, 0x72, 0x30, 0x1A, 0xC4, 0x28, 0x8B,
  0x86, 0x64, 0x10, 0xA3, 0x2C, 0x1C, 0x6E, 0x61, 0x38, 0x25, 0x71, 0x94, 0x8C, 0x89, 0x12, 0x4B,
  0xAA, 0x3A, 0x04, 0x63, 0xD2, 0x20, 0xCB, 0xE8, 0xB8, 0x52, 0x2D, 0x19, 0xD2, 0x30, 0x1B, 0x0E,
  0x52, 0x98, 0x26, 0x4A, 0x22, 0x4D, 0xD1, 0x90, 0x44, 0x2D, 0x4A, 0x22, 0x25, 0x51, 0x4B, 0x54,
  0x51, 0x86, 0x21, 0x64, 0x1C, 0x22, 0xCB, 0xE8, 0xB8, 0xB2, 0x38, 0x51, 0x12, 0x29, 0x89, 0xA2,
  0x61, 0x48, 0x12, 0x29, 0x89, 0x5A, 0x86, 0x21, 0xD2, 0xB2, 0x65, 0x18, 0xA2, 0xC6, 0x4C, 0xCD,
  0x92, 0x4C, 0xD1, 0x12, 0x00, 0x64, 0x2D, 0x1E, 0xCB, 0xE8, 0xB8, 0x1A, 0x87, 0x53, 0xD3, 0x10,
  0xA9, 0x51, 0x31, 0x09, 0x33, 0x65, 0x48, 0x86, 0x1C, 0x4B, 0x86, 0x2D, 0x09, 0xB3, 0x24, 0x8C,
  0x94, 0x61, 0x01, 0x64, 0xAD, 0x21, 0xCC, 0xE8, 0xB8, 0xC2, 0x31, 0x99, 0xC2, 0xA4, 0x6D, 0x38,
  0x68, 0xD1, 0x9C, 0xB4, 0x4A, 0xA5, 0x65, 0x18, 0xB2, 0xA4, 0x94, 0x44, 0xC9, 0x30, 0x26, 0xA5,
  0x4C, 0x19, 0x26, 0x00, 0x64, 0xCD, 0x20, 0xCB, 0xE8, 0xB8, 0xA2, 0x41, 0x8B, 0xB2, 0xD2, 0xA0,
  0x0C, 0x43, 0x32, 0x25, 0x9D, 0x92, 0x93, 0x96, 0x2D, 0xC3, 0x10, 0x65, 0x63, 0x94, 0xD4, 0x92,
  0xA8, 0x22, 0x66, 0x00, 0x64, 0xCE, 0x22, 0xCB, 0xE9, 0xB8, 0x92, 0x78, 0x38, 0x28, 0x4A, 0x94,
  0x44, 0xC3, 0x90, 0x54, 0x86, 0x48, 0x49, 0x86, 0x48, 0x47, 0xA2, 0x64, 0x18, 0xB4, 0xE1, 0x90,
  0x0C, 0x87, 0x38, 0x07, 0x86, 0x10, 0x64, 0xE6, 0x1F, 0xCB, 0xE8, 0x78, 0xD2, 0x30, 0x19, 0x06,
  0xA5, 0x3C, 0x24, 0x97, 0x44, 0xE9, 0x56, 0x52, 0x92, 0x4B, 0x8E, 0x24, 0xC3, 0xA0, 0x44, 0x95,
  0x28, 0xC9, 0xA2, 0x51, 0x03, 0x65, 0x12, 0x22, 0xCB, 0xE8, 0x78, 0xA2, 0x30, 0x4A, 0x0E, 0x89,
  0x12, 0x25, 0xC9, 0x70, 0x50, 0x22, 0x29, 0x69, 0xD1, 0x12, 0x65, 0x58, 0xA4, 0x30, 0x6A, 0x89,
  0xD2, 0x24, 0xCA, 0xA2, 0x2C, 0x91, 0x01, 0x65, 0x2F, 0x18, 0xCA, 0xE9, 0x78, 0xC3, 0xE1, 0x90,
  0xE6, 0x50, 0x3A, 0x0C, 0x69, 0x96, 0x66, 0x71, 0x92, 0x23, 0x39, 0x52, 0xD5, 0x22, 0x59, 0x65,
  0x36, 0x1F, 0xCB, 0xE8, 0xF8, 0xA2, 0x1C, 0x88, 0xD2, 0x24, 0x1A, 0x94, 0x52, 0x4B, 0x2D, 0x4A,
  0x12, 0xA9, 0x22, 0x25, 0x51, 0x92, 0x69, 0x63, 0xA4, 0x64, 0x6A, 0x54, 0x1C, 0x03, 0x65, 0x39,
  0x1F, 0xCB, 0xE8, 0xB8, 0xC3, 0x41, 0xC9, 0x91, 0x64, 0x10, 0x93, 0x28, 0x19, 0xB6, 0x24, 0x94,
  0x92, 0x2C, 0x29, 0xC5, 0x59, 0x49, 0x1B, 0x92, 0x3A, 0x90, 0x85, 0x6A, 0x00, 0x65, 0x3E, 0x1C,
  0xCB, 0xE8, 0xB8, 0xB2, 0x38, 0x0B, 0x87, 0x21, 0xCE, 0x06, 0xA9, 0x96, 0x0D, 0x59, 0xA5, 0x31,
  0x69, 0x8B, 0x8A, 0x51, 0x52, 0xCA, 0xB4, 0x6C, 0x0D, 0x65, 0x48, 0x1D, 0xCB, 0xE8, 0xB8, 0xC2,
  0x34, 0xCC, 0x06, 0x69, 0x48, 0x4A, 0x5D, 0xA2, 0x92, 0x96, 0x64, 0x51, 0x92, 0x59, 0xC3, 0x4A,
  0x94, 0x44, 0x61, 0x94, 0x84, 0x05, 0x65, 0x4F, 0x20, 0xCC, 0xE8, 0x78, 0xD2, 0xD6, 0x41, 0x19,
  0xE6, 0x28, 0x1A, 0xB6, 0x28, 0x49, 0xA6, 0x64, 0x58, 0x6A, 0x49, 0x49, 0x4B, 0x4A, 0xD9, 0x30,
  0x49, 0x59, 0x54, 0x53, 0xC4, 0x00, 0x65, 0x5B, 0x1E, 0xCB, 0xE8, 0xF8, 0xCA, 0x59, 0x9A, 0x28,
  0x61, 0x96, 0x0C, 0x97, 0x2C, 0x07, 0xA2, 0x96, 0x52, 0xD2, 0x29, 0xD1, 0x52, 0x29, 0x89, 0x06,
  0x25, 0x51, 0x32, 0x2D, 0x65, 0x63, 0x20, 0xCB, 0xE8, 0x78, 0x4A, 0xE1, 0xA0, 0xA4, 0x49, 0x34,
  0x1C, 0x92, 0x28, 0xCE, 0xA2, 0x41, 0x8B, 0x2A, 0xB5, 0x21, 0xA9, 0x45, 0xC5, 0x21, 0xA9, 0x45,
  0x5A, 0x94, 0xA8, 0x01, 0x65, 0x70, 0x20, 0xCB, 0xE8, 0xB8, 0x92, 0x62, 0xD2, 0x3A, 0x0D, 0x87,
  0x24, 0xCA, 0x94, 0x2C, 0x52, 0x4A, 0x49, 0x2D, 0x89, 0x86, 0x45, 0x8B, 0xB2, 0x6C, 0x13, 0x93,
  0x52, 0xA2, 0x85, 0x01, 0x65, 0x74, 0x1F, 0xCB, 0xE8, 0xB8, 0xB2, 0x70, 0x50, 0x86, 0xA5, 0x29,
  0x19, 0x94, 0x28, 0x5A, 0x12, 0x29, 0x29, 0x25, 0x59, 0xCB, 0x70, 0xCE, 0x81, 0x68, 0xD0, 0xA2,
  0x74, 0x38, 0x08, 0x65, 0x87, 0x17, 0xCA, 0xE9, 0x38, 0x73, 0x28, 0x1D, 0x0E, 0x51, 0xD8, 0x1A,
  0xC5, 0x51, 0x0E, 0xE8, 0x48, 0x8E, 0x94, 0x33, 0x49, 0x16, 0x65, 0xA5, 0x1A, 0xCB, 0xE8, 0xF8,
  0x81, 0x6D, 0x90, 0x73, 0x2C, 0xC7, 0x86, 0x53, 0x16, 0x67, 0x71, 0xB2, 0x86, 0x62, 0x25, 0x4A,
  0xA3, 0x1C, 0x08, 0x01, 0x65, 0xAD, 0x20, 0xCB, 0xE8, 0xF8, 0xD2, 0x24, 0x4A, 0x86, 0x48, 0x51,
  0xC2, 0x44, 0x0A, 0x87, 0xA7, 0x96, 0x64, 0x89, 0x92, 0xC4, 0x94, 0x28, 0x51, 0x25, 0x6A, 0x19,
  0xB6, 0x1C, 0x4B, 0x00, 0x65, 0xB0, 0x20, 0xCB, 0xE8, 0xB8, 0xE2, 0x64, 0xB8, 0x45, 0x49, 0x1A,
  0x25, 0xE1, 0x70, 0x90, 0xB2, 0x28, 0x19, 0x94, 0x28, 0x93, 0x4A, 0x4A, 0x29, 0x92, 0xB2, 0xA4,
  0x31, 0x8B, 0x13, 0x00, 0x65, 0xB9, 0x18, 0xCB, 0xE8, 0x78, 0x73, 0x2C, 0x1D, 0x0E, 0x62, 0x8E,
  0xE5, 0xD8, 0x20, 0x67, 0x71, 0x96, 0x86, 0x69, 0x58, 0xCD, 0x42, 0x0D, 0x65, 0xBD, 0x21, 0xCB,
  0xE8, 0xB8, 0xB2, 0x38, 0x0B, 0x87, 0x64, 0x58, 0xA2, 0xE2, 0x92, 0x4C, 0x49, 0xB2, 0x44, 0xC9,
  0x52, 0x4A, 0x3A, 0x25, 0x95, 0x25, 0x4A, 0xCA, 0x49, 0x98, 0x68, 0x83, 0x00, 0x65, 0xCB, 0x1F,
  0xCB, 0xE8, 0xB8, 0xB2, 0x38, 0x0B, 0x87, 0x68, 0x50, 0xB2, 0x78, 0x19, 0xA4, 0x44, 0x0A, 0x93,
  0xC6, 0xA4, 0x32, 0x25, 0x8D, 0x49, 0xB2, 0x45, 0x49, 0x51, 0xC9, 0x06, 0x65, 0xE0, 0x19, 0xBB,
  0xE8, 0x78, 0x86, 0x73, 0x8E, 0xA5, 0xC3, 0x41, 0xCD, 0x31, 0x1D, 0xA9, 0x23, 0x75, 0x20, 0xCA,
  0xA2, 0x2C, 0x5B, 0x87, 0x00, 0x65, 0xE5, 0x0E, 0xB7, 0xEA, 0x38, 0x0E, 0xAA, 0xEB, 0x70, 0x75,
  0x1D, 0x06, 0x01, 0x65, 0xE7, 0x1B, 0xC9, 0xE9, 0x38, 0x72, 0x24, 0x1A, 0x86, 0x28, 0x94, 0x42,
  0x29, 0x94, 0x86, 0x21, 0x0A, 0xA5, 0x50, 0x0A, 0xA5, 0x50, 0x1A, 0x86, 0x1C, 0x01, 0x65, 0xE9,
  0x19, 0xBB, 0xE8, 0xB8, 0x86, 0x41, 0x8B, 0xB3, 0x61, 0xD0, 0xE2, 0x6C, 0x18, 0xE4, 0x1C, 0x4B,
  0x87, 0x83, 0x9A, 0x63, 0x39, 0x96, 0x02, 0x65, 0xF6, 0x21, 0xCA, 0xE9, 0xF8, 0x91, 0x64, 0x08,
  0x93, 0x28, 0x4C, 0xA2, 0x61, 0x90, 0xC2, 0x64, 0x48, 0xA2, 0x24, 0xAA, 0x94, 0xC2, 0x24, 0x0A,
  0x93, 0x21, 0xCC, 0x81, 0x24, 0x47, 0x22, 0x00, 0x66, 0x0E, 0x1C, 0xBA, 0xE9, 0x38, 0x86, 0x64,
  0x98, 0x92, 0x4C, 0x4A, 0xB2, 0x41, 0x19, 0xA6, 0x24, 0x93, 0x92, 0x4C, 0x4A, 0x86, 0x4B, 0x26,
  0x66, 0x61, 0x2D, 0x14, 0x66, 0x20, 0x1E, 0xCB, 0xE8, 0xB8, 0xC3, 0x2D, 0x4C, 0x92, 0x61, 0xE9,
  0x94, 0x74, 0x4A, 0x96, 0x52, 0x92, 0x0C, 0x87, 0x24, 0xD3, 0x92, 0x28, 0xC9, 0xA6, 0x72, 0x98,
  0xC9, 0x01, 0x66, 0x2F, 0x1C, 0xCB, 0xE8, 0xB8, 0x86, 0x21, 0x4C, 0xC3, 0x61, 0x08, 0xD3, 0x70,
  0x18, 0x72, 0x78, 0x38, 0xA8, 0x39, 0x10, 0x0D, 0x9A, 0x12, 0x47, 0x6A, 0x3A, 0x08, 0x66, 0x3E,
  0x1D, 0xBB, 0xF8, 0xF8, 0x91, 0x70, 0x18, 0xC2, 0x34, 0x1C, 0x86, 0x30, 0x0D, 0x87, 0x21, 0x4C,
  0x22, 0x4D, 0x89, 0x12, 0x29, 0x89, 0xE4, 0x28, 0x1B, 0x0E, 0x02, 0x66, 0x6E, 0x1D, 0xCB, 0xE8,
  0xB8, 0xD2, 0x5A, 0x36, 0x1C, 0x94, 0x28, 0x89, 0xB2, 0xA4, 0x69, 0x38, 0xE8, 0xF0, 0x30, 0x84,
  0x69, 0x38, 0x0C, 0x61, 0x1A, 0x0E, 0x43, 0x04, 0x66, 0x6F, 0x1D, 0xCB, 0xE8, 0xB8, 0x86, 0x21,
  0x4C, 0xC3, 0x61, 0x08, 0xD3, 0x68, 0x38, 0xE8, 0xF0, 0x30, 0x84, 0x69, 0x38, 0x0C, 0x39, 0x90,
  0xA4, 0x51, 0xC9, 0x96, 0x00, 0x66, 0x70, 0x21, 0xCB, 0xE8, 0x78, 0xC3, 0x21, 0x4A, 0x96, 0x52,
  0x92, 0x25, 0xC3, 0x96, 0x44, 0xC9, 0x30, 0x24, 0x4A, 0x97, 0x21, 0xA9, 0x28, 0x3D, 0x25, 0x9D,
  0xA4, 0x64, 0xCA, 0xE2, 0x2C, 0x01, 0x66, 0x82, 0x1E, 0xCB, 0xE8, 0xB8, 0xE2, 0x68, 0x48, 0xD6,
  0x28, 0x1D, 0x92, 0xE1, 0x90, 0x54, 0x93, 0x28, 0x0D, 0xD3, 0x61, 0x4C, 0xC3, 0x61, 0x08, 0x87,
  0x21, 0x4C, 0x23, 0x00, 0x66, 0xB4, 0x1C, 0xCB, 0xE8, 0xB8, 0x86, 0x21, 0x4C, 0xC3, 0x61, 0x08,
  0xD3, 0x6C, 0x38, 0x66, 0xD9, 0x70, 0x90, 0xDA, 0x92, 0x9E, 0x06, 0x29, 0x91, 0x22, 0x55, 0x05,
  0x66, 0xF4, 0x1A, 0xBB, 0xE8, 0x38, 0x1E, 0xD4, 0x1C, 0x38, 0x84, 0x51, 0x71, 0x18, 0xC2, 0xA8,
  0x38, 0x0C, 0x69, 0x92, 0x43, 0x3A, 0x20, 0x69, 0xF2, 0x00, 0x66, 0xFF, 0x21, 0xCB, 0xE8, 0xB8,
  0xD2, 0x68, 0x50, 0x06, 0x29, 0x8D, 0x06, 0x65, 0x90, 0xD2, 0x2C, 0xC9, 0x92, 0x5A, 0x92, 0x45,
  0xC3, 0x10, 0xA6, 0xE1, 0x30, 0x84, 0x69, 0x38, 0x0C, 0x11, 0x00, 0x67, 0x00, 0x1F, 0xCB, 0xE8,
  0xB8, 0x86, 0x21, 0x4C, 0xC3, 0x61, 0x08, 0xD3, 0x68, 0x38, 0x28, 0x51, 0x0E, 0x3C, 0x55, 0xA2,
  0x68, 0x88, 0x92, 0xA8, 0x24, 0x0D, 0x4A, 0x94, 0x8A, 0x01, 0x67, 0x09, 0x1B, 0xCB, 0xE8, 0x78,
  0xE3, 0xE1, 0x90, 0xE6, 0x50, 0x0E, 0x0D, 0x43, 0x28, 0x66, 0xC9, 0x30, 0x15, 0x93, 0x6C, 0x58,
  0xC3, 0x34, 0x4C, 0x33, 0x05, 0x67, 0x0D, 0x1F, 0xBB, 0xE8, 0x78, 0x0E, 0x4B, 0x63, 0xD2, 0x24,
  0x2D, 0x71, 0x92, 0x0C, 0x52, 0x52, 0x8B, 0x96, 0xA6, 0xA4, 0x94, 0x25, 0x15, 0x2D, 0x49, 0xA4,
  0x24, 0x51, 0xC2, 0x00, 0x67, 0x1B, 0x1D, 0xCB, 0xE8, 0xB8, 0xB2, 0x21, 0x19, 0x86, 0xA8, 0x38,
  0x44, 0x61, 0x54, 0x1C, 0xB2, 0x21, 0x4B, 0x23, 0x6D, 0x38, 0xE7, 0xC0, 0x21, 0x07, 0xD2, 0xE1,
  0x20, 0x67, 0x1F, 0x1E, 0xCB, 0xE8, 0xB8, 0xEA, 0x40, 0x94, 0x0C, 0x4F, 0x2D, 0x51, 0x34, 0x24,
  0x43, 0x54, 0x89, 0xA2, 0x21, 0x89, 0x5A, 0x86, 0xA7, 0x4A, 0x2D, 0xC9, 0x8C, 0x99, 0x00, 0x67,
  0x2A, 0x1A, 0xCB, 0xE8, 0x78, 0x73, 0x2C, 0x07, 0x0E, 0x39, 0x90, 0x63, 0xE9, 0x70, 0x50, 0x73,
  0x68, 0x56, 0x12, 0x49, 0xCB, 0xD4, 0x1C, 0x4B, 0x01, 0x67, 0x2B, 0x1A, 0xCB, 0xE8, 0x78, 0x73,
  0x2C, 0x1D, 0x0E, 0x6A, 0x8E, 0xE5, 0xC0, 0x21, 0x07, 0x72, 0x68, 0x56, 0x12, 0x49, 0xCB, 0xD4,
  0x1C, 0x4B, 0x01, 0x67, 0x2C, 0x1A, 0xCB, 0xE8, 0x78, 0x73, 0x2C, 0xC7, 0xD2, 0xE1, 0x20, 0xEE,
  0xC8, 0x0E, 0x24, 0xD5, 0xA8, 0x96, 0x0C, 0x4A, 0xB1, 0x9A, 0x63, 0x29, 0x00, 0x67, 0x3A, 0x22,
  0xCC, 0xE8, 0xB8, 0x72, 0x30, 0x1B, 0xC2, 0x2C, 0x8A, 0x06, 0x25, 0x0A, 0xB3, 0x28, 0xD3, 0xA2,
  0x6C, 0xAA, 0x29, 0xA5, 0x4A, 0x16, 0x55, 0xA2, 0x2C, 0x89, 0x6A, 0x49, 0x94, 0xA4, 0x02, 0x67,
  0x40, 0x1B, 0xCB, 0xE8, 0xB8, 0xD2, 0x54, 0xD9, 0x81, 0x1C, 0x4A, 0x54, 0x31, 0x07, 0xD2, 0xE1,
  0x20, 0xEE, 0x40, 0x52, 0x8D, 0x22, 0x29, 0xCB, 0xA1, 0x18, 0x67, 0x43, 0x1D, 0xCB, 0xE8, 0xB8,
  0x72, 0x2C, 0x1A, 0xC2, 0x38, 0x19, 0xC4, 0x2C, 0xCA, 0xA2, 0x25, 0xCA, 0xA4, 0x96, 0x4C, 0xCD,
  0xD4, 0xA8, 0x98, 0x84, 0x52, 0x8E, 0x00, 0x67, 0x5F, 0x1B, 0xCB, 0xE8, 0x78, 0xE3, 0xE1, 0x90,
  0xE6, 0xC0, 0x41, 0x8B, 0xB2, 0x52, 0x96, 0x0D, 0x83, 0xBA, 0x03, 0x49, 0x35, 0x2A, 0x69, 0x99,
  0x9A, 0x02, 0x67, 0x61, 0x1B, 0xCB, 0xE8, 0x38, 0x73, 0x68, 0x18, 0xB5, 0x4C, 0x4A, 0x72, 0x60,
  0xD0, 0xA6, 0x68, 0x4D, 0x87, 0x83, 0x38, 0x2B, 0x89, 0xA4, 0x65, 0x6A, 0x0A, 0x67, 0x65, 0x1A,
  0xCB, 0xE8, 0x78, 0x73, 0x2C, 0x1E, 0x6E, 0x51, 0x35, 0x89, 0xD2, 0xA4, 0x36, 0x1C, 0xC4, 0x1D,
  0x48, 0xAA, 0x51, 0x49, 0xCB, 0xD4, 0x14, 0x67, 0x7E, 0x20, 0xCB, 0xE8, 0xB8, 0xB2, 0x31, 0x4B,
  0xA2, 0x21, 0x4A, 0xC2, 0x28, 0x2B, 0x25, 0x25, 0x25, 0xAA, 0x6C, 0x95, 0xC6, 0x24, 0x4B, 0xC2,
  0x28, 0xD2, 0x92, 0x21, 0xAA, 0x03, 0x01, 0x67, 0x7F, 0x1E, 0xCB, 0xE8, 0xB8, 0x72, 0x2C, 0x1A,
  0xA6, 0xEA, 0xB0, 0x03, 0xD1, 0x20, 0x49, 0x59, 0xB4, 0x34, 0x29, 0xA6, 0x24, 0x6A, 0x29, 0x25,
  0x59, 0x52, 0xCA, 0x94, 0x30, 0x67, 0x84, 0x1E, 0xCB, 0xE8, 0xB8, 0xB2, 0x38, 0x8B, 0xB3, 0xE1,
  0x20, 0x46, 0x39, 0x90, 0x6C, 0x51, 0xA2, 0x95, 0xD2, 0x24, 0x8A, 0x86, 0x24, 0x4A, 0x93, 0x28,
  0xCE, 0xD2, 0x08, 0x67, 0x90, 0x1E, 0xCB, 0xE8, 0xB8, 0xE2, 0x2C, 0x1A, 0xC2, 0x28, 0x1D, 0x76,
  0x20, 0x1A, 0x26, 0x25, 0xCA, 0x14, 0x29, 0x93, 0x5A, 0xA2, 0x96, 0x5A, 0x98, 0x64, 0xA1, 0x18,
  0x01, 0x67, 0x9A, 0x1F, 0xCB, 0xE8, 0xB8, 0xB2, 0x38, 0x8B, 0xB3, 0xE1, 0x90, 0x44, 0x59, 0x94,
  0x45, 0x4B, 0x16, 0x29, 0x6D, 0x4A, 0x53, 0x12, 0x66, 0x49, 0x28, 0x66, 0x51, 0x96, 0x88, 0x01,
  0x67, 0x9C, 0x1B, 0xBB, 0xE8, 0xB8, 0x86, 0x41, 0x8B, 0xB2, 0x6C, 0x18, 0xB4, 0x28, 0xCB, 0x86,
  0x41, 0x8E, 0x87, 0x43, 0x38, 0x2B, 0x89, 0xA4, 0x65, 0x6A, 0x0A, 0x67, 0xB6, 0x1E, 0xCB, 0xE8,
  0xB8, 0x72, 0x64, 0x50, 0x86, 0x2C, 0x29, 0x65, 0x49, 0xA9, 0x25, 0x4A, 0x12, 0x69, 0x88, 0xD3,
  0xE1, 0x20, 0xCE, 0x4A, 0x22, 0x69, 0x99, 0x9A, 0x02, 0x67, 0xC4, 0x1F, 0xCB, 0xE8, 0xB8, 0x72,
  0x2C, 0x1A, 0xA6, 0x30, 0x1B, 0xA4, 0x34, 0x1A, 0xA6, 0x4A, 0x94, 0x2C, 0x89, 0x92, 0x28, 0xD3,
  0x12, 0x49, 0x4B, 0x14, 0x46, 0xC5, 0xA8, 0x26, 0x67, 0xD0, 0x19, 0xCB, 0xE8, 0xF8, 0x6A, 0xC3,
  0x41, 0x2B, 0x0F, 0x72, 0x16, 0x0F, 0x3A, 0x92, 0x0E, 0x07, 0x71, 0x56, 0x12, 0x49, 0xCB, 0xD4,
  0x14, 0x67, 0xD3, 0x1C, 0xCB, 0xE8, 0xB8, 0xB2, 0x1C, 0x88, 0x42, 0x69, 0xD0, 0x91, 0x26, 0x29,
  0x49, 0xB6, 0x4C, 0x4D, 0x87, 0x83, 0x38, 0x2B, 0x89, 0xA4, 0x65, 0x6A, 0x0A, 0x67, 0xE5, 0x1A,
  0xBB, 0xF8, 0x78, 0xD3, 0xE1, 0x20, 0x2A, 0x71, 0x92, 0x03, 0x5F, 0x93, 0x28, 0x0D, 0x87, 0x21,
  0x4C, 0xC3, 0x61, 0x88, 0x86, 0x83, 0x00, 0x68, 0x07, 0x1E, 0xCB, 0xE8, 0xB8, 0x72, 0x2C, 0x1A,
  0xC2, 0x1C, 0x19, 0x72, 0x28, 0x19, 0x86, 0x64, 0x0B, 0xC5, 0x2C, 0x89, 0x92, 0x34, 0x4C, 0xB2,
  0x30, 0x0D, 0xD3, 0x2C, 0x04, 0x68, 0x08, 0x1C, 0xCB, 0xE8, 0xB8, 0xB2, 0x38, 0x8B, 0xB3, 0x70,
  0x50, 0x86, 0x2C, 0x52, 0xA7, 0x21, 0x52, 0xE6, 0x30, 0x0D, 0xD3, 0x30, 0x4D, 0xC4, 0x28, 0x07,
  0x02, 0x68, 0x0F, 0x1C, 0xCB, 0xE8, 0xB8, 0x72, 0x2C, 0xCA, 0x81, 0x2C, 0x1C, 0x0E, 0x52, 0x0E,
  0xAD, 0x91, 0x32, 0x2C, 0x75, 0x2C, 0xC7, 0x72, 0x6C, 0x38, 0xE5, 0x08, 0x00, 0x68, 0x11, 0x1F,
  0xCB, 0xE8, 0xB8, 0xE2, 0x2C, 0xCE, 0x92, 0x29, 0x19, 0xA4, 0x21, 0x4A, 0x4A, 0xD1, 0x90, 0x44,
  0x91, 0x14, 0x29, 0xA5, 0xAC, 0x12, 0x66, 0x71, 0x16, 0x67, 0x69, 0x04, 0x68, 0x21, 0x21, 0xCB,
  0xE8, 0xB8, 0xC2, 0x34, 0x4C, 0x93, 0xE1, 0x20, 0x25, 0x61, 0x94, 0x45, 0x8A, 0x94, 0x24, 0x53,
  0x92, 0x69, 0x49, 0x94, 0x84, 0x59, 0x92, 0x25, 0x61, 0x94, 0x65, 0x6B, 0x00, 0x68, 0x37, 0x1D,
  0xCB, 0xE8, 0xB8, 0xE2, 0x2C, 0x0D, 0x93, 0x61, 0x19, 0xB2, 0x34, 0x1A, 0x32, 0x25, 0x0A, 0xC5,
  0x2C, 0x19, 0x4E, 0x61, 0x1A, 0xA6, 0x61, 0x1A, 0x66, 0x00, 0x68, 0x38, 0x1F, 0xCB, 0xE8, 0xB8,
  0xC2, 0x34, 0x4C, 0x93, 0xE1, 0x20, 0xC5, 0x59, 0x92, 0x2D, 0x4A, 0xA6, 0x44, 0xA1, 0x16, 0x25,
  0x15, 0xA9, 0x12, 0x8A, 0x59, 0x94, 0x25, 0x62, 0x00, 0x68, 0x39, 0x20, 0xCB, 0xE8, 0xB8, 0x72,
  0x2C, 0x1A, 0xB4, 0x28, 0x4B, 0x86, 0x64, 0xD0, 0xA2, 0x2C, 0x92, 0x06, 0x69, 0xD1, 0x12, 0x4B,
  0xA7, 0x44, 0x4A, 0xA2, 0x62, 0xB4, 0x64, 0x89, 0x18, 0x68, 0x3C, 0x24, 0xCC, 0xE8, 0xB8, 0xB2,
  0x1C, 0xC8, 0x86, 0x30, 0x8B, 0xA2, 0x21, 0x91, 0xC2, 0x24, 0x12, 0xC5, 0x24, 0x9B, 0xB2, 0x48,
  0x19, 0x16, 0x25, 0x8B, 0x2A, 0x59, 0x14, 0x66, 0x51, 0x98, 0x0D, 0x11, 0x00, 0x68, 0x46, 0x21,
  0xCB, 0xE8, 0xB8, 0x72, 0x2C, 0x19, 0xDE, 0x91, 0xCA, 0x20, 0x25, 0x59, 0x36, 0x64, 0x99, 0x92,
  0x0C, 0x49, 0x5B, 0x94, 0xD4, 0xC2, 0x24, 0x19, 0xA4, 0x24, 0x47, 0x92, 0x61, 0x08, 0x68, 0x48,
  0x1B, 0xCB, 0xE8, 0x78, 0xD3, 0xE1, 0x2D, 0x55, 0x86, 0x21, 0xC9, 0xEA, 0xC0, 0xAC, 0x24, 0xD2,
  0x70, 0x10, 0x67, 0x25, 0x91, 0xB4, 0x4C, 0x4D, 0x01, 0x68, 0x65, 0x1F, 0xCB, 0xE8, 0xB8, 0xC2,
  0x2D, 0x5A, 0xC3, 0x6C, 0x50, 0xB2, 0x28, 0x19, 0x86, 0x64, 0x89, 0x32, 0x25, 0x5C, 0x94, 0x28,
  0x8C, 0x8A, 0x51, 0x31, 0xC9, 0xC2, 0x34, 0x02, 0x68, 0x69, 0x1E, 0xCB, 0xE8, 0xB8, 0xC2, 0x34,
  0x4C, 0xA3, 0xE1, 0xA0, 0x23, 0xA5, 0x70, 0x88, 0x92, 0x48, 0x19, 0x96, 0xA6, 0x34, 0x89, 0xD2,
  0x24, 0x4A, 0x87, 0x53, 0x8E, 0x00, 0x68, 0xC0, 0x1D, 0xCB, 0xE8, 0xB8, 0xC2, 0x34, 0x53, 0x33,
  0x6D, 0x98, 0xC2, 0x64, 0x18, 0x12, 0x1D, 0xDA, 0x2A, 0x89, 0x52, 0x8B, 0x92, 0x5A, 0x54, 0x1C,
  0x4E, 0x39, 0x02, 0x69, 0x0D, 0x23, 0xCB, 0xE8, 0xB8, 0xD2, 0x30, 0x1A, 0xA6, 0x34, 0x1A, 0x94,
  0x21, 0x2B, 0x65, 0x49, 0x32, 0x44, 0x43, 0x12, 0x45, 0x4A, 0x32, 0x24, 0x9D, 0x92, 0x96, 0x21,
  0x4B, 0x72, 0x24, 0x19, 0x86, 0x00, 0x69, 0x82, 0x23, 0xCC, 0xE8, 0xB8, 0x72, 0x30, 0xB9, 0x25,
  0x5D, 0x86, 0x21, 0xA9, 0x25, 0x9D, 0x94, 0x64, 0x58, 0x86, 0x29, 0x53, 0xB4, 0x28, 0x69, 0x91,
  0x92, 0x64, 0x51, 0xA2, 0x24, 0x4A, 0x4A, 0x59, 0x26, 0x69, 0xFD, 0x24, 0xCB, 0xE8, 0xB8, 0xB2,
  0x24, 0x4C, 0x86, 0x21, 0xCA, 0x92, 0x68, 0x38, 0x48, 0x49, 0xA7, 0x64, 0x18, 0x92, 0x21, 0x69,
  0x51, 0x86, 0x41, 0x89, 0xB2, 0xA4, 0x34, 0x68, 0x51, 0x56, 0x1A, 0x14, 0x00, 0x6A, 0x21, 0x1F,
  0xCB, 0xE8, 0xB8, 0xB2, 0x24, 0x4C, 0x86, 0x97, 0x62, 0x34, 0x48, 0x4B, 0x16, 0x29, 0xC3, 0x24,
  0x0D, 0x4A, 0x31, 0x4B, 0x92, 0x61, 0x88, 0x32, 0x35, 0x2A, 0x8E, 0x02, 0x6A, 0x2A, 0x23, 0xCC,
  0xE8, 0xB8, 0xB2, 0x28, 0x8C, 0x86, 0x65, 0x88, 0x8A, 0xC9, 0x30, 0x48, 0x61, 0x2A, 0x0D, 0xD3,
  0x52, 0x8A, 0x94, 0x61, 0x48, 0x4A, 0x49, 0x94, 0x94, 0x86, 0xAD, 0x14, 0x26, 0x62, 0x02, 0x6B,
  0x21, 0x1C, 0xCB, 0xE8, 0x78, 0xE3, 0x2C, 0x07, 0xA2, 0x1C, 0x88, 0x86, 0x31, 0xC9, 0x4A, 0x75,
  0x20, 0xCE, 0xC4, 0x2C, 0x09, 0xB3, 0xA8, 0x16, 0x26, 0x89, 0x1C, 0x6B, 0x47, 0x1F, 0xCC, 0xE8,
  0xB8, 0xE3, 0x21, 0x89, 0xA3, 0x64, 0x90, 0x86, 0xA4, 0xA9, 0x92, 0x68, 0x83, 0x94, 0x16, 0x07,
  0x29, 0x4B, 0xA2, 0xA4, 0x96, 0x74, 0x5B, 0xB4, 0x70, 0x0D, 0x6B, 0x62, 0x1E, 0xCB, 0xE8, 0x78,
  0x73, 0x2C, 0xC7, 0x72, 0x2C, 0x07, 0xA2, 0x1C, 0x88, 0x06, 0x2D, 0xCA, 0x81, 0x28, 0x07, 0xA2,
  0x1C, 0x88, 0x72, 0x20, 0x4A, 0x87, 0x83, 0x00, 0x6B, 0x63, 0x1B, 0xBB, 0xE8, 0x78, 0x86, 0x73,
  0x8E, 0xE5, 0x58, 0x0E, 0x44, 0x83, 0x16, 0xE5, 0x40, 0x94, 0x03, 0x51, 0x0E, 0x44, 0x39, 0x10,
  0xA5, 0xC3, 0x41, 0x6B, 0x64, 0x22, 0xCB, 0xE8, 0xF8, 0xA2, 0x1C, 0x88, 0x72, 0x20, 0xCA, 0x81,
  0x28, 0x4D, 0x86, 0x48, 0x29, 0x6D, 0x49, 0x94, 0x26, 0x51, 0x9A, 0x44, 0x69, 0x12, 0x65, 0x49,
  0x32, 0x64, 0x43, 0x38, 0x04, 0x6B, 0x65, 0x19, 0xBB, 0xF9, 0xB8, 0x6B, 0x83, 0x94, 0xC5, 0x59,
  0x38, 0x1C, 0xB4, 0x28, 0xCE, 0xA2, 0x62, 0xA4, 0x45, 0x49, 0xAC, 0x84, 0xC3, 0x08, 0x6B, 0x7B,
  0x1C, 0xBB, 0xE8, 0x38, 0x1E, 0xA4, 0x2C, 0xCE, 0xA2, 0x6C, 0x89, 0x5A, 0x6A, 0x51, 0xA2, 0x25,
  0xED, 0x40, 0x94, 0x03, 0x51, 0x16, 0x65, 0x95, 0x74, 0x08, 0x6B, 0x8A, 0x1F, 0xCB, 0xE8, 0xF8,
  0x81, 0x6C, 0x58, 0xD2, 0x28, 0x49, 0x95, 0x41, 0x4A, 0xA4, 0x30, 0xC9, 0x2A, 0xC3, 0x2D, 0x1A,
  0xA3, 0xA4, 0x96, 0x44, 0x95, 0x34, 0x8B, 0x33, 0x00, 0x6B, 0x8B, 0x1E, 0xCB, 0xE8, 0xF8, 0x81,
  0x24, 0x19, 0x96, 0xA8, 0x34, 0x68, 0x53, 0x9A, 0x0C, 0x53, 0xA3, 0x32, 0x0C, 0x52, 0x98, 0x64,
  0xA1, 0x16, 0x2A, 0x35, 0x69, 0x87, 0x02, 0x6B, 0xB5, 0x1D, 0xCB, 0xE8, 0xF8, 0x92, 0x21, 0x93,
  0x6A, 0xA5, 0xAC, 0x94, 0x24, 0x43, 0xA8, 0x64, 0x83, 0xB4, 0x46, 0x61, 0x92, 0x25, 0x4A, 0x69,
  0x6C, 0xC9, 0x6A, 0x02, 0x6B, 0xC1, 0x1A, 0xBA, 0xFA, 0x78, 0x86, 0x41, 0xC9, 0xA4, 0x64, 0x98,
  0x92, 0x2C, 0x1B, 0x9E, 0x6A, 0x51, 0x6D, 0x58, 0x6A, 0x61, 0x2D, 0x49, 0x94, 0x2D, 0x6B, 0xCD,
  0x1A, 0xBC, 0xE8, 0xF8, 0x86, 0x21, 0x4D, 0xB2, 0x34, 0xAA, 0x96, 0x86, 0xA7, 0x5A, 0x98, 0x45,
  0x61, 0x9C, 0x0D, 0x87, 0x28, 0xCE, 0x21, 0x11, 0x6B, 0xCF, 0x1C, 0xAB, 0x09, 0xF9, 0x86, 0x41,
  0xD1, 0xA1, 0x64, 0x18, 0xB2, 0x28, 0xAB, 0x29, 0xC9, 0x70, 0x50, 0x72, 0x20, 0xCA, 0xA4, 0x68,
  0x38, 0xC4, 0x49, 0x04, 0x6B, 0xD4, 0x1C, 0xCB, 0xE8, 0x78, 0xC2, 0x34, 0x4C, 0xC3, 0x34, 0x8C,
  0xA2, 0x21, 0x89, 0x8A, 0x49, 0x16, 0x8A, 0xD5, 0x30, 0x4D, 0x94, 0x2C, 0xD1, 0xB2, 0x75, 0x08,
  0x6B, 0xD5, 0x1B, 0xCB, 0xE8, 0x78, 0xC2, 0x34, 0x4C, 0x87, 0x44, 0xAC, 0x26, 0x4A, 0x96, 0x88,
  0x43, 0x9A, 0x0E, 0x07, 0x35, 0xC7, 0x72, 0x2C, 0xC7, 0x52, 0x00, 0x6B, 0xDB, 0x18, 0xCB, 0xE8,
  0xF8, 0x01, 0x79, 0x1D, 0x72, 0x2C, 0x07, 0x5E, 0x73, 0x2C, 0x1E, 0x0E, 0x62, 0x8E, 0xA5, 0x61,
  0x9A, 0x0E, 0x03, 0x6B, 0xEB, 0x1A, 0xCB, 0xE8, 0x78, 0xD3, 0xE1, 0x20, 0x0D, 0x43, 0x98, 0x46,
  0xC3, 0xEB, 0x22, 0x8D, 0xC9, 0x30, 0xC8, 0xF1, 0x70, 0x48, 0xAB, 0xC3, 0x00, 0x6C, 0x34, 0x1B,
  0xCA, 0xE9, 0x38, 0x73, 0x28, 0x87, 0xB2, 0x54, 0x4A, 0x86, 0x25, 0x55, 0x62, 0x25, 0x4D, 0xA2,
  0x2C, 0xCA, 0x92, 0x2C, 0xAC, 0x23, 0x2A, 0x00, 0x6C, 0x38, 0x1A, 0xCB, 0xE8, 0x38, 0x75, 0x30,
  0x27, 0x6E, 0xB1, 0x12, 0x0D, 0x83, 0x9C, 0x94, 0x93, 0x28, 0x8C, 0xB2, 0x44, 0x0B, 0xD3, 0x1C,
  0x52, 0x01, 0x6C, 0x42, 0x1B, 0xCB, 0xE8, 0x78, 0x73, 0x2C, 0xC9, 0x91, 0x28, 0x1A, 0x0E, 0x6A,
  0x9C, 0x49, 0x59, 0xA4, 0xC4, 0x4A, 0xAA, 0x44, 0x91, 0x56, 0x0E, 0x43, 0x15, 0x6C, 0x47, 0x1D,
  0xBB, 0xE8, 0x78, 0x94, 0x61, 0x88, 0x92, 0x1C, 0x8B, 0xA5, 0x1C, 0x88, 0x72, 0x48, 0x5E, 0x72,
  0x20, 0xCA, 0x81, 0x28, 0x07, 0xA2, 0x61, 0x48, 0x72, 0x08, 0x6C, 0x49, 0x1B, 0xBB, 0xE8, 0x78,
  0x94, 0x61, 0x8B, 0x93, 0x2C, 0x8C, 0xEA, 0x50, 0x12, 0x85, 0x51, 0x92, 0x89, 0x62, 0x28, 0x66,
  0x51, 0x16, 0x85, 0x5A, 0x1C, 0x6C, 0x60, 0x1C, 0xCB, 0xE8, 0x78, 0xD2, 0x52, 0x92, 0x23, 0xB5,
  0x30, 0x99, 0xB2, 0x25, 0x5C, 0xCA, 0x49, 0x2D, 0x4A, 0x4A, 0x59, 0xA2, 0x55, 0xC3, 0x50, 0x1D,
  0x04, 0x6C, 0x99, 0x1B, 0xCB, 0xE8, 0x78, 0xD2, 0x62, 0x8E, 0x74, 0x4C, 0x4A, 0x59, 0x12, 0x85,
  0x51, 0xAD, 0x22, 0x2B, 0x59, 0x9A, 0xA5, 0x61, 0x26, 0x46, 0x32, 0x00, 0x6C, 0xA1, 0x1C, 0xCB,
  0xE8, 0x78, 0xB2, 0x21, 0x8C, 0xEA, 0x40, 0x54, 0x8C, 0x92, 0x8A, 0x28, 0x0E, 0x3A, 0x16, 0x46,
  0xB5, 0x50, 0x0C, 0xB5, 0x30, 0x2A, 0x89, 0x02, 0x6C, 0xBF, 0x1F, 0xCB, 0xE8, 0x78, 0xB2, 0x24,
  0x8D, 0x92, 0x1C, 0xA9, 0x03, 0x59, 0x94, 0xB5, 0xA4, 0x59, 0x32, 0x28, 0x51, 0x92, 0x95, 0xB2,
  0x52, 0x16, 0x65, 0xA5, 0x6C, 0x90, 0x00, 0x6C, 0xD5, 0x1D, 0xCC, 0xE8, 0x78, 0xD2, 0x38, 0xCC,
  0x91, 0x61, 0x48, 0xE2, 0xB4, 0x0E, 0xBC, 0x03, 0x71, 0x96, 0x84, 0xA5, 0xAC, 0x32, 0x65, 0x5B,
  0x92, 0x43, 0x09, 0x00, 0x6C, 0xE2, 0x1D, 0xCB, 0xE8, 0x78, 0xD2, 0x62, 0x0E, 0x1C, 0xB4, 0xA8,
  0x12, 0x55, 0xD2, 0x61, 0x0D, 0xB3, 0x44, 0xCA, 0xA2, 0x44, 0x4C, 0x22, 0x2D, 0x4A, 0xA2, 0xCA,
  0x28, 0x6C, 0xE8, 0x1A, 0xCB, 0xE8, 0x78, 0xC2, 0x38, 0xCC, 0x81, 0x83, 0x1C, 0xA6, 0x39, 0x96,
  0x23, 0x83, 0x16, 0x56, 0xC3, 0x34, 0x8B, 0xB3, 0x6C, 0x18, 0x02, 0x6D, 0x3B, 0x1C, 0xCB, 0xE8,
  0x78, 0x62, 0x2D, 0x19, 0x72, 0x28, 0x4C, 0x2B, 0xC3, 0x20, 0xE7, 0x58, 0x9C, 0x0C, 0x53, 0x31,
  0x2A, 0x26, 0x59, 0x98, 0x64, 0xC3, 0x02, 0x6D, 0x3E, 0x21, 0xCB, 0xE8, 0x78, 0x62, 0x2D, 0x19,
  0x72, 0x20, 0x4C, 0xB2, 0x64, 0x8B, 0x92, 0x2C, 0x4C, 0x86, 0x34, 0x51, 0x93, 0x44, 0x8C, 0x92,
  0x5A, 0x12, 0x55, 0xA2, 0x9A, 0x92, 0x85, 0x00, 0x6D, 0x41, 0x1E, 0xCB, 0xE8, 0x78, 0xC2, 0x78,
  0x18, 0x74, 0x20, 0x2C, 0x65, 0xC9, 0xA0, 0xE4, 0x58, 0x9A, 0x14, 0x93, 0xB6, 0x28, 0xA9, 0x45,
  0x49, 0x45, 0xAA, 0x24, 0x4A, 0x2C, 0x6D, 0x4B, 0x22, 0xBB, 0xE8, 0x78, 0xA2, 0x21, 0x4A, 0xA2,
  0x48, 0xD1, 0x14, 0xA5, 0xA4, 0x28, 0xD9, 0xA2, 0x44, 0x89, 0x65, 0x52, 0x94, 0x5A, 0x98, 0x44,
  0x49, 0x96, 0xD4, 0xA2, 0x24, 0x07, 0x12, 0x00, 0x6D, 0x4F, 0x1E, 0xCB, 0xE8, 0xF8, 0xB1, 0x44,
  0x0A, 0xA3, 0x61, 0x48, 0x64, 0xA5, 0x94, 0x34, 0x25, 0x9D, 0x5A, 0xB6, 0x28, 0x29, 0x25, 0x5D,
  0xA3, 0x24, 0x47, 0xEA, 0x40, 0x02, 0x6D, 0x6E, 0x1C, 0xCB, 0xE8, 0x78, 0x62, 0x2D, 0x19, 0xE2,
  0xA8, 0x92, 0x25, 0x51, 0x5B, 0x3A, 0x0C, 0x39, 0x22, 0x66, 0x69, 0x32, 0x0C, 0x4A, 0x58, 0x0D,
  0x43, 0x11, 0x6D, 0x88, 0x1C, 0xCA, 0xE8, 0x78, 0xC2, 0x54, 0x2A, 0x26, 0x91, 0x96, 0x94, 0xA2,
  0x61, 0x2C, 0x0E, 0x53, 0x12, 0x26, 0xD1, 0xB0, 0x44, 0xA1, 0x16, 0x6A, 0x99, 0x00, 0x6D, 0x8C,
  0x21, 0xCB, 0xE8, 0x78, 0x72, 0x30, 0x19, 0x86, 0x38, 0x51, 0xE2, 0x30, 0x1A, 0x86, 0x30, 0x2A,
  0x0E, 0x43, 0x94, 0x44, 0x95, 0x68, 0x18, 0x92, 0xA8, 0xA4, 0x45, 0x91, 0x16, 0x25, 0x02, 0x6D,
  0xC6, 0x1F, 0xCB, 0xE8, 0x78, 0x22, 0x5B, 0xA6, 0x03, 0x52, 0x65, 0xB8, 0x64, 0x39, 0x34, 0x8C,
  0x62, 0x94, 0x0C, 0x43, 0xA4, 0x84, 0x51, 0x34, 0x2C, 0x59, 0x98, 0x64, 0x99, 0x02, 0x6D, 0xF1,
  0x1E, 0xCB, 0xE8, 0x78, 0x72, 0x70, 0xB8, 0x25, 0x25, 0x29, 0x29, 0x25, 0x51, 0x39, 0x4A, 0xE6,
  0xCA, 0x30, 0x24, 0x99, 0x92, 0x45, 0x49, 0x94, 0x44, 0x35, 0x35, 0x04, 0x6D, 0xF7, 0x1C, 0xCB,
  0xE8, 0x78, 0x72, 0x30, 0x19, 0xD6, 0x30, 0xC9, 0x86, 0xA9, 0x98, 0x0E, 0x6B, 0x94, 0x26, 0x43,
  0x94, 0x44, 0xD1, 0xD4, 0x96, 0x0D, 0x91, 0x6D, 0x6D, 0xFB, 0x20, 0xCB, 0xE8, 0x78, 0x62, 0x2D,
  0x19, 0x72, 0x28, 0x8C, 0x86, 0x41, 0x09, 0x75, 0x24, 0x8A, 0x93, 0x28, 0x93, 0xB2, 0x24, 0x4A,
  0x94, 0xA8, 0x52, 0x91, 0x2A, 0x89, 0x28, 0x02, 0x6E, 0x05, 0x1D, 0xCB, 0xE8, 0x78, 0xC2, 0x78,
  0x18, 0x74, 0x20, 0xCC, 0x06, 0x2D, 0x8C, 0x87, 0x63, 0x16, 0x26, 0x83, 0x16, 0x65, 0xA5, 0x41,
  0xCA, 0x4A, 0x59, 0x24, 0x01, 0x6E, 0x21, 0x20, 0xCB, 0xE8, 0x78, 0xD2, 0x74, 0xB8, 0x25, 0x51,
  0x69, 0x18, 0x94, 0xA6, 0x34, 0x19, 0xD2, 0x1C, 0x1A, 0x06, 0x29, 0x29, 0x65, 0x49, 0xA4, 0x25,
  0x51, 0x22, 0x29, 0xA2, 0x00, 0x6E, 0x32, 0x18, 0xAA, 0x0A, 0xB9, 0xC3, 0x64, 0x18, 0xB2, 0x61,
  0x89, 0x72, 0x6C, 0x18, 0x8B, 0xC3, 0x12, 0x85, 0xDA, 0x30, 0x44, 0xC3, 0x10, 0x6E, 0x83, 0x1F,
  0xCB, 0xE8, 0xF8, 0x81, 0x50, 0x1A, 0xB4, 0x24, 0x4A, 0x8A, 0x83, 0x94, 0x0C, 0x83, 0x96, 0x66,
  0xC9, 0xB0, 0x48, 0x61, 0xD4, 0x12, 0xA5, 0x49, 0x14, 0x4B, 0xD5, 0x00, 0x6E, 0x90, 0x1F, 0xCB,
  0xE8, 0x78, 0x72, 0x70, 0xB8, 0x35, 0x25, 0x83, 0x94, 0xD4, 0xC2, 0x64, 0x10, 0x93, 0x2C, 0x53,
  0x06, 0x29, 0xC9, 0x92, 0x28, 0x69, 0x52, 0x4A, 0xD1, 0xA8, 0x01, 0x6E, 0xA2, 0x1C, 0xCB, 0xE8,
  0x78, 0xA2, 0x2C, 0x8C, 0xEA, 0x40, 0x92, 0x25, 0xC3, 0x25, 0xCA, 0xE2, 0x2C, 0xAD, 0x0D, 0x97,
  0x9E, 0x92, 0x9E, 0x92, 0x2E, 0xC3, 0x01, 0x6E, 0xD1, 0x21, 0xCC, 0xE8, 0x78, 0xB2, 0x41, 0x8C,
  0xB2, 0x1C, 0x48, 0xA6, 0x30, 0xA9, 0x25, 0xC3, 0x2D, 0xC9, 0x92, 0x2C, 0x19, 0x94, 0xA8, 0x56,
  0x1B, 0xB4, 0xA6, 0x30, 0x8B, 0xC2, 0x48, 0x02, 0x6E, 0xDA, 0x1F, 0xCB, 0xE8, 0xB8, 0x53, 0x65,
  0xD8, 0xA2, 0x36, 0x25, 0x51, 0xC2, 0x1C, 0x48, 0xA2, 0x30, 0x1A, 0x14, 0x31, 0xCD, 0x92, 0x52,
  0x16, 0x65, 0x99, 0xA4, 0x64, 0x29, 0x00, 0x6E, 0xE1, 0x1E, 0xCB, 0xE8, 0x78, 0xB2, 0x24, 0x1D,
  0xAE, 0x49, 0x96, 0x23, 0x51, 0x32, 0x0C, 0x71, 0x92, 0x0E, 0x07, 0xA5, 0x29, 0x29, 0x2D, 0xAD,
  0x4A, 0x39, 0xA9, 0x26, 0x00, 0x6E, 0xE4, 0x1E, 0xCB, 0xE8, 0xB8, 0x93, 0x2C, 0xDC, 0x92, 0x61,
  0xD0, 0xA2, 0x4C, 0x1A, 0xB6, 0x24, 0xAA, 0x69, 0x8B, 0x92, 0x23, 0x1D, 0x93, 0x9A, 0xA2, 0x0D,
  0x51, 0x0E, 0x01, 0x6F, 0x0F, 0x20, 0xCB, 0xE8, 0x38, 0xA2, 0x61, 0x88, 0x92, 0x34, 0x1C, 0x86,
  0x24, 0xCA, 0x91, 0x64, 0x18, 0xB4, 0xF2, 0x30, 0x48, 0x53, 0x25, 0x59, 0x94, 0x8A, 0x65, 0x49,
  0xDC, 0x12, 0x03, 0x6F, 0xC0, 0x21, 0xCB, 0xE8, 0x78, 0xA2, 0xEA, 0x90, 0xC4, 0x49, 0x32, 0x48,
  0x4B, 0x29, 0x49, 0xA4, 0x70, 0x88, 0xD2, 0x28, 0xC9, 0x06, 0x25, 0x8B, 0xB2, 0x92, 0xD2, 0x94,
  0x48, 0x49, 0x45, 0x0C, 0x70, 0x6F, 0x1E, 0xCB, 0xE8, 0xB8, 0x72, 0x2C, 0x19, 0x86, 0x28, 0x8D,
  0x92, 0x5A, 0x94, 0x88, 0xD5, 0x30, 0x0D, 0xD3, 0x2C, 0x09, 0xB3, 0x28, 0x8B, 0x72, 0x20, 0x87,
  0x24, 0x00, 0x70, 0x70, 0x1B, 0xBB, 0xE8, 0xB8, 0x86, 0x53, 0x16, 0x67, 0x51, 0x96, 0x94, 0xB2,
  0xA4, 0x94, 0x49, 0x49, 0x98, 0xA5, 0x59, 0x12, 0x66, 0x49, 0xD6, 0xA8, 0x0A, 0x70, 0x75, 0x1B,
  0xBB, 0xE9, 0xB8, 0x86, 0x21, 0xC7, 0xA2, 0xE1, 0xA0, 0x23, 0xE1, 0x30, 0xE4, 0x40, 0x56, 0xCA,
  0x2A, 0x52, 0x16, 0x25, 0x72, 0x96, 0xAD, 0x03, 0x70, 0xB9, 0x19, 0xCB, 0xE8, 0x78, 0x73, 0x2C,
  0xC7, 0x86, 0x35, 0x07, 0x0E, 0x61, 0x1A, 0xA6, 0xE1, 0x30, 0xE4, 0x84, 0x24, 0xEA, 0x49, 0x8B,
  0x0A, 0x70, 0xC1, 0x1E, 0xCB, 0xE8, 0xB8, 0xE2, 0x2C, 0x1A, 0xB4, 0x24, 0x07, 0x86, 0x28, 0x54,
  0xA2, 0x2C, 0x49, 0x86, 0x21, 0x0A, 0xD3, 0x30, 0x4E, 0x8A, 0x51, 0x49, 0xCE, 0xB1, 0x0C, 0x70,
  0xE7, 0x1E, 0xCB, 0xE8, 0xB8, 0xB2, 0x38, 0x8B, 0xB3, 0x21, 0x1A, 0x56, 0x51, 0x4A, 0xB2, 0x25,
  0x4A, 0x34, 0x29, 0x19, 0xC6, 0xA4, 0x18, 0x29, 0x59, 0xA6, 0x44, 0x99, 0x36, 0x70, 0xED, 0x1C,
  0xCB, 0xE8, 0xF8, 0xCA, 0x59, 0x38, 0x1C, 0xB3, 0x24, 0x54, 0x94, 0x28, 0xC9, 0x92, 0x30, 0x2A,
  0xA6, 0x52, 0x0E, 0xE4, 0x68, 0x12, 0x45, 0x5B, 0x54, 0x71, 0x36, 0x1C, 0xCB, 0xE8, 0xF8, 0x2A,
  0xE1, 0x12, 0x45, 0x4A, 0x31, 0x1A, 0x06, 0xA5, 0x14, 0x67, 0x62, 0x16, 0x25, 0x92, 0x98, 0xA3,
  0x49, 0xD4, 0x93, 0x0E, 0x05, 0x71, 0x67, 0x1F, 0xBB, 0xE8, 0x38, 0x1E, 0x92, 0xA8, 0x25, 0x6A,
  0x19, 0x92, 0xA8, 0x34, 0x0C, 0x49, 0x94, 0x64, 0x49, 0x94, 0x64, 0xC9, 0x90, 0x0C, 0x3A, 0x9C,
  0x44, 0x95, 0x2C, 0x2A, 0x72, 0x36, 0x1C, 0xCB, 0xE8, 0x38, 0x93, 0x1C, 0x89, 0xE2, 0xB0, 0x9C,
  0x28, 0x59, 0x94, 0x95, 0xC2, 0x28, 0x07, 0x92, 0x1C, 0xCA, 0xA1, 0x24, 0xD6, 0x24, 0x1D, 0x10,
  0x72, 0x47, 0x18, 0xCA, 0xE8, 0xF8, 0xA2, 0x38, 0x8A, 0xA3, 0x78, 0x18, 0xB2, 0x1C, 0xCA, 0xA1,
  0x61, 0xCC, 0xC2, 0x6E, 0x69, 0x14, 0x47, 0x00, 0x72, 0x48, 0x1F, 0xCB, 0xE8, 0x78, 0xEA, 0x48,
  0x65, 0x58, 0x9A, 0x93, 0xF2, 0x70, 0xCA, 0x4A, 0x8B, 0x54, 0x49, 0x94, 0x2C, 0xA9, 0x68, 0x49,
  0x45, 0x8A, 0x94, 0x28, 0x89, 0x92, 0x30, 0x72, 0x4C, 0x23, 0xCB, 0xE8, 0x78, 0x8A, 0x59, 0x92,
  0x85, 0x49, 0x32, 0x2C, 0x83, 0x12, 0x25, 0xD9, 0xB0, 0x64, 0x49, 0x94, 0x0C, 0x87, 0x24, 0x4A,
  0x6A, 0x51, 0x52, 0x8B, 0x86, 0x41, 0x2B, 0x65, 0x25, 0x00, 0x72, 0x59, 0x19, 0xBB, 0xE8, 0xF8,
  0x86, 0x21, 0xCC, 0xE2, 0x2C, 0xCE, 0xB2, 0xE1, 0x20, 0xEB, 0x48, 0x1D, 0x88, 0x52, 0x2D, 0x53,
  0x73, 0x48, 0x03, 0x72, 0x69, 0x20, 0xCB, 0xE8, 0xB8, 0xAA, 0x49, 0x94, 0x26, 0xD1, 0x70, 0x48,
  0x94, 0x44, 0x89, 0x94, 0x44, 0xE9, 0x69, 0xA9, 0x0C, 0x51, 0x25, 0xAA, 0x44, 0x95, 0xA8, 0xAD,
  0x54, 0x52, 0x00, 0x72, 0x79, 0x1E, 0xCC, 0xE8, 0xB8, 0xD2, 0x2C, 0x89, 0x86, 0xA5, 0x9A, 0x0D,
  0x5A, 0x25, 0x19, 0x2E, 0x71, 0xA8, 0x0C, 0xCB, 0x16, 0x85, 0x95, 0x30, 0x0E, 0xE3, 0x30, 0x95,
  0x00, 0x72, 0xB6, 0x1B, 0xCB, 0xE8, 0xF8, 0xCA, 0x59, 0x52, 0xCA, 0xA2, 0xA4, 0x16, 0x0F, 0x83,
  0x56, 0xD5, 0xC2, 0x24, 0x4A, 0xA2, 0x96, 0x34, 0xC9, 0x42, 0xB1, 0x1C, 0x72, 0xD7, 0x22, 0xCB,
  0xE8, 0x38, 0xA2, 0x24, 0x96, 0xE2, 0x6C, 0x18, 0x92, 0x6A, 0x94, 0xA4, 0x91, 0x32, 0x24, 0x89,
  0x54, 0x51, 0xA2, 0x4A, 0x14, 0x0D, 0x49, 0x94, 0x03, 0x51, 0x0E, 0xCC, 0x0A, 0x00, 0x72, 0xEC,
  0x1D, 0xCB, 0xE8, 0x38, 0xA2, 0xAA, 0x96, 0x86, 0x95, 0x61, 0xD0, 0xA4, 0x9A, 0x54, 0x1A, 0x2E,
  0xB5, 0x38, 0x4B, 0xC2, 0x2C, 0xCA, 0xB2, 0x61, 0x48, 0xC6, 0x00, 0x73, 0x87, 0x1C, 0xCB, 0xE8,
  0x78, 0xD3, 0xE1, 0xA0, 0xC6, 0x51, 0x27, 0x29, 0x4B, 0xA2, 0x24, 0x4A, 0x06, 0x29, 0x4D, 0xB2,
  0xE1, 0xA0, 0xE6, 0x58, 0x8E, 0xA5, 0x00, 0x73, 0xAF, 0x1A, 0xCB, 0xE8, 0xB8, 0x72, 0x64, 0x38,
  0x28, 0x69, 0x98, 0x66, 0x63, 0x71, 0xAB, 0x24, 0x4A, 0xD4, 0x92, 0x86, 0x5B, 0xA6, 0xE6, 0x58,
  0x06, 0x73, 0xB0, 0x1E, 0xCB, 0xE8, 0xF8, 0xA1, 0x64, 0x48, 0x06, 0x2D, 0xCA, 0x4A, 0x49, 0x2D,
  0x4A, 0x4A, 0x4B, 0x5B, 0x94, 0xD4, 0xC2, 0x54, 0xD2, 0x36, 0x1D, 0x29, 0x65, 0xDA, 0x00, 0x74,
  0x06, 0x1E, 0xBC, 0xE8, 0x38, 0x87, 0x21, 0x19, 0xA4, 0x5A, 0x32, 0x0C, 0x59, 0x12, 0x55, 0x06,
  0xA9, 0x96, 0x0C, 0x43, 0x16, 0xC6, 0xD1, 0x20, 0x6A, 0xA1, 0x9A, 0x03, 0x0F, 0x75, 0x1F, 0x1B,
  0xCB, 0xE8, 0x78, 0x73, 0x20, 0xCA, 0x81, 0x28, 0x1E, 0x4E, 0x59, 0x1A, 0xE6, 0x58, 0x0E, 0x1C,
  0x72, 0x20, 0xC7, 0x72, 0x2C, 0x1D, 0x0E, 0x02, 0x75, 0x28, 0x19, 0xBB, 0xE8, 0xB8, 0x86, 0x53,
  0x56, 0xCA, 0x4A, 0xC3, 0x29, 0x2B, 0x65, 0xA5, 0xE1, 0x94, 0x95, 0xB2, 0x4A, 0x98, 0xA9, 0x91,
  0x00, 0x75, 0x31, 0x19, 0xC9, 0xE9, 0x38, 0x73, 0x24, 0x47, 0xC2, 0xE1, 0x90, 0x65, 0x5A, 0xA6,
  0x65, 0xC3, 0x41, 0xCB, 0xB4, 0x4C, 0xCB, 0x86, 0x43, 0x00, 0x75, 0x35, 0x19, 0xBA, 0xF9, 0xF8,
  0x72, 0x28, 0x1E, 0x2E, 0x51, 0x16, 0x0D, 0x83, 0x54, 0x8B, 0x6A, 0xD1, 0x30, 0xA8, 0x39, 0x94,
  0x86, 0xC3, 0x00, 0x75, 0x3B, 0x1E, 0xBB, 0xE8, 0x38, 0x1E, 0xD4, 0x1C, 0x38, 0x44, 0x49, 0x54,
  0x51, 0xA2, 0x8A, 0x32, 0x0C, 0x89, 0x12, 0x55, 0x94, 0xA8, 0xA2, 0x0C, 0x43, 0xA2, 0x43, 0xC3,
  0x03, 0x75, 0x4C, 0x1C, 0xBB, 0xE8, 0xB8, 0x86, 0x41, 0x8B, 0xB2, 0x6C, 0x18, 0xB4, 0x28, 0xCB,
  0x86, 0x41, 0x4D, 0x62, 0x4D, 0x92, 0x2A, 0x62, 0x14, 0x67, 0x69, 0x98, 0x01, 0x75, 0x59, 0x21,
  0xCB, 0xE8, 0xF8, 0x74, 0x40, 0x1A, 0x96, 0x34, 0x4A, 0x6A, 0x51, 0x12, 0x25, 0x59, 0xB2, 0x84,
  0x53, 0xA6, 0x0D, 0x83, 0x16, 0x65, 0xD9, 0x30, 0x68, 0x51, 0x96, 0x0D, 0x83, 0x02, 0x75, 0x65,
  0x24, 0xCC, 0xE8, 0xF8, 0x81, 0x70, 0x90, 0xA6, 0xA4, 0xA9, 0x92, 0x28, 0xA5, 0xA4, 0x96, 0x0D,
  0x52, 0x12, 0x25, 0x6D, 0x49, 0x65, 0x58, 0x94, 0xA6, 0x68, 0x50, 0xA2, 0x1C, 0x89, 0x72, 0x64,
  0x88, 0x00, 0x76, 0x7D, 0x10, 0xC7, 0xEA, 0xF8, 0xE2, 0x34, 0x1C, 0x06, 0xD5, 0x3A, 0x5C, 0xAD,
  0xC3, 0x20, 0x76, 0x7E, 0x1A, 0xBB, 0xE8, 0x38, 0x1E, 0xD4, 0x1C, 0xCA, 0x91, 0x61, 0x08, 0xD3,
  0x30, 0x0D, 0x87, 0x21, 0x4C, 0xC3, 0x34, 0x4C, 0xC3, 0x61, 0x88, 0x00, 0x76, 0x84, 0x1E, 0xCA,
  0xE9, 0xB8, 0xB2, 0xB0, 0x36, 0x44, 0x83, 0x94, 0x64, 0x52, 0x92, 0x0D, 0x4B, 0x24, 0x65, 0x89,
  0x94, 0x25, 0x52, 0x3A, 0xA8, 0x39, 0x94, 0x03, 0x0A, 0x00, 0x76, 0x86, 0x20, 0xCB, 0xE8, 0x78,
  0xC2, 0x34, 0x8C, 0x94, 0x21, 0xD9, 0xC2, 0x34, 0x51, 0xB2, 0x21, 0x4A, 0x86, 0x30, 0x47, 0x86,
  0x21, 0x4C, 0xC3, 0x61, 0x08, 0xD3, 0x70, 0x18, 0x22, 0x00, 0x76, 0xD1, 0x1B, 0xBB, 0xF8, 0x38,
  0xA3, 0x1C, 0x88, 0xC2, 0x28, 0x9A, 0x2A, 0x69, 0x14, 0x46, 0x75, 0x2C, 0x8C, 0x86, 0x53, 0x4B,
  0xD4, 0x92, 0x0C, 0x07, 0x01, 0x76, 0xD6, 0x1A, 0xCB, 0xE8, 0xB8, 0xD2, 0x5A, 0x38, 0x9C, 0x73,
  0xE0, 0x90, 0x03, 0xE9, 0x70, 0xD0, 0xD1, 0xE1, 0x54, 0x89, 0x5A, 0xA2, 0x64, 0x38, 0x08, 0x76,
  0xD8, 0x1B, 0xBB, 0xF8, 0x38, 0xB3, 0x70, 0x18, 0xC2, 0x34, 0x8C, 0x2A, 0xC3, 0x53, 0x9A, 0x55,
  0xB4, 0x61, 0xD0, 0xA2, 0x4A, 0xD4, 0x92, 0x0C, 0x07, 0x01, 0x76, 0xEE, 0x10, 0xB7, 0xEA, 0x38,
  0x0E, 0xAA, 0x3A, 0x5C, 0xD5, 0xE1, 0x6A, 0x1D, 0x06, 0x01, 0x76, 0xF4, 0x1B, 0xCB, 0xE8, 0x78,
  0xD3, 0xE1, 0xA0, 0x96, 0x86, 0xA9, 0x18, 0x45, 0xC3, 0x54, 0x8C, 0xA2, 0x61, 0x2A, 0x46, 0xD1,
  0x30, 0xE5, 0xD8, 0x70, 0x10, 0x76, 0xF8, 0x1E, 0xCB, 0xE8, 0xF8, 0x72, 0x2C, 0x1A, 0xB4, 0x28,
  0x1B, 0x06, 0xAD, 0x34, 0x48, 0x52, 0x16, 0x2D, 0x59, 0x52, 0x19, 0x96, 0x52, 0x26, 0xD5, 0x4A,
  0x59, 0x69, 0x10, 0x77, 0x01, 0x1C, 0xCB, 0xE8, 0x78, 0x73, 0xA4, 0x14, 0x46, 0x59, 0x22, 0x49,
  0x49, 0x0E, 0xC4, 0xC3, 0x34, 0x84, 0xE9, 0xB0, 0x86, 0xE9, 0xB0, 0x86, 0xE9, 0x30, 0x01, 0x77,
  0x0B, 0x1C, 0xCB, 0xE8, 0xF8, 0x11, 0x69, 0x18, 0x72, 0x20, 0x1E, 0x0E, 0x5A, 0x0E, 0x3C, 0x48,
  0x62, 0x96, 0x0C, 0x53, 0x31, 0x1D, 0xD6, 0x30, 0x1D, 0x26, 0x00, 0x77, 0x1F, 0x19, 0xCB, 0xE8,
  0x78, 0xD3, 0xE1, 0xA0, 0xE6, 0xC0, 0x35, 0x4C, 0x87, 0x35, 0x4C, 0x87, 0x35, 0xCC, 0x86, 0x83,
  0x16, 0x69, 0xAB, 0x02, 0x77, 0x20, 0x25, 0xBC, 0xE8, 0x38, 0x86, 0x64, 0x58, 0xA2, 0x24, 0x4C,
  0x86, 0x24, 0x4C, 0xA2, 0x64, 0x58, 0xA2, 0x24, 0xCA, 0x86, 0x64, 0x18, 0xA4, 0x24, 0xCA, 0xA2,
  0x24, 0x8B, 0x86, 0x24, 0x4B, 0xD2, 0x49, 0x93, 0x03, 0x77, 0x61, 0x1D, 0xCB, 0xE8, 0xF8, 0x81,
  0xE5, 0x98, 0x64, 0x61, 0x32, 0x0C, 0xCA, 0xD2, 0x94, 0x0C, 0x2F, 0x4D, 0x49, 0xA7, 0x64, 0x18,
  0x94, 0x2D, 0xC7, 0xE2, 0xE1, 0x00, 0x77, 0xAC, 0x1E, 0xCB, 0xE8, 0xF8, 0x81, 0x43, 0x32, 0x25,
  0x9D, 0x92, 0x52, 0x22, 0x0D, 0x2F, 0xB2, 0x92, 0x4C, 0xC9, 0x10, 0x0D, 0x8B, 0xD2, 0xCB, 0x70,
  0x48, 0xC2, 0x6A, 0x02, 0x77, 0xE5, 0x1D, 0xCB, 0xE8, 0xB8, 0x72, 0x2C, 0x87, 0x86, 0x43, 0x52,
  0xCA, 0xA4, 0xDA, 0x30, 0x68, 0xA5, 0xAC, 0x94, 0x45, 0x49, 0x2D, 0x8A, 0x86, 0x25, 0xAC, 0x63,
  0x00, 0x77, 0xE9, 0x1E, 0xCB, 0xE8, 0x78, 0x72, 0x2C, 0x1B, 0x96, 0x41, 0x4D, 0xA2, 0x34, 0x89,
  0x06, 0x2D, 0xCA, 0xA2, 0x41, 0x2B, 0x0D, 0x9A, 0x12, 0x47, 0x72, 0x96, 0x86, 0xC3, 0x00, 0x77,
  0xED, 0x20, 0xCC, 0xE8, 0x78, 0x72, 0x30, 0x1B, 0xA6, 0x21, 0x47, 0x4A, 0x43, 0xD4, 0x35, 0xAA,
  0x0D, 0xC9, 0x90, 0xE6, 0x58, 0xA2, 0x85, 0x49, 0x29, 0x0B, 0x93, 0x2C, 0x1B, 0x06, 0x01, 0x78,
  0x01, 0x1F, 0xCB, 0xE8, 0xF8, 0xC2, 0x68, 0x38, 0x46, 0xB5, 0x52, 0x36, 0x48, 0x59, 0x24, 0x45,
  0xD2, 0x30, 0x24, 0x51, 0x9A, 0x44, 0x83, 0x52, 0x4A, 0x93, 0x21, 0xCD, 0xA1, 0x04, 0x78, 0x40,
  0x22, 0xCB, 0xE8, 0xF8, 0x81, 0x6C, 0x90, 0xD2, 0x28, 0x49, 0xA3, 0x24, 0x4A, 0xB2, 0x24, 0x4A,
  0x86, 0xA7, 0x62, 0xA4, 0x44, 0x49, 0xA4, 0x44, 0x49, 0xA4, 0x44, 0xC9, 0x70, 0x48, 0xC3, 0x00,
  0x78, 0x6C, 0x1B, 0xBB, 0xE8, 0x38, 0x1E, 0xA4, 0x30, 0x4D, 0x86, 0xA9, 0x25, 0x1A, 0x2E, 0xA6,
  0x24, 0x4A, 0x86, 0x21, 0x4A, 0x1A, 0xA7, 0x1C, 0x31, 0xAA, 0x02, 0x78, 0x6E, 0x1E, 0xBB, 0xE9,
  0x38, 0x06, 0x65, 0xC8, 0x4A, 0x59, 0x54, 0x4C, 0x86, 0x21, 0x59, 0xA2, 0xA4, 0x65, 0x18, 0x94,
  0x52, 0xD2, 0x32, 0x2C, 0x4B, 0x98, 0x64, 0x61, 0x6D, 0x79, 0x3A, 0x17, 0xBB, 0xE8, 0xB8, 0x86,
  0x21, 0x67, 0x1B, 0x0E, 0x6A, 0x0E, 0x44, 0xC5, 0x28, 0x8B, 0xB2, 0x50, 0xAC, 0xE6, 0x90, 0x0A,
  0x79, 0x81, 0x1A, 0xCB, 0xE8, 0xB8, 0xC2, 0x6C, 0x38, 0x48, 0xD6, 0xC4, 0x26, 0x25, 0x1D, 0xA3,
  0x68, 0x18, 0x72, 0x78, 0x38, 0x48, 0x4D, 0x5A, 0x55, 0x05, 0x79, 0xBB, 0x1E, 0xBB, 0xE9, 0x78,
  0xD3, 0xE1, 0x20, 0x2D, 0xE3, 0x30, 0x84, 0xCB, 0x38, 0x0C, 0xE1, 0x30, 0x44, 0xC3, 0x43, 0xA2,
  0x44, 0x43, 0x32, 0x28, 0x43, 0x22, 0x0D, 0x01, 0x79, 0xC1, 0x1D, 0xCB, 0xE8, 0x38, 0x95, 0x70,
  0x8B, 0xB3, 0x38, 0x0B, 0x07, 0x25, 0x95, 0xE2, 0xA5, 0x96, 0x44, 0x2D, 0x51, 0x25, 0x4A, 0x92,
  0x21, 0x1B, 0xB2, 0x72, 0x00, 0x79, 0xCD, 0x1D, 0xBB, 0xE9, 0xF8, 0xA4, 0x6C, 0x4C, 0xA3, 0xE1,
  0x25, 0x6A, 0x89, 0x92, 0xA5, 0x94, 0x28, 0xC3, 0xA0, 0x44, 0x49, 0xA4, 0x84, 0x69, 0x98, 0x86,
  0x19, 0x00, 0x79, 0xD2, 0x1F, 0xCB, 0xE8, 0xB8, 0xB4, 0x6C, 0x4C, 0xA3, 0x44, 0x8C, 0x92, 0xCA,
  0x90, 0x94, 0x2A, 0x51, 0xA2, 0x6C, 0x49, 0xA4, 0x24, 0x53, 0x92, 0x46, 0x49, 0x98, 0x46, 0xF2,
  0x0C, 0x79, 0xEF, 0x1E, 0xCB, 0xE8, 0x38, 0x73, 0x60, 0x48, 0x06, 0x2D, 0xCA, 0x4A, 0xD9, 0xB0,
  0x64, 0x91, 0x94, 0x45, 0xCB, 0xA0, 0xD4, 0x91, 0x52, 0x25, 0xAA, 0x55, 0xC2, 0x2C, 0x07, 0x79,
  0xF0, 0x1C, 0xCB, 0xE8, 0xF8, 0x94, 0x70, 0x8B, 0xA3, 0x61, 0xAA, 0x64, 0x83, 0x94, 0x86, 0xDA,
  0xD2, 0xA4, 0x28, 0x9D, 0x92, 0x48, 0x29, 0x35, 0xA6, 0x99, 0x06, 0x79, 0xFB, 0x1E, 0xCB, 0xE8,
  0xF8, 0x94, 0x70, 0x1B, 0xB2, 0x28, 0x4B, 0x06, 0xA5, 0x58, 0x5C, 0x94, 0x4C, 0x89, 0x86, 0x44,
  0xCB, 0x94, 0x44, 0xE9, 0x1A, 0x66, 0x6A, 0xA2, 0x02, 0x7A, 0x0B, 0x1F, 0xCB, 0xE8, 0xF8, 0xE4,
  0x69, 0xD0, 0xA2, 0xAC, 0x94, 0x25, 0xC3, 0x21, 0xCB, 0xA1, 0x65, 0x90, 0x94, 0x28, 0x4B, 0xA2,
  0x41, 0x29, 0xA6, 0x61, 0x9A, 0x0C, 0x43, 0x00, 0x7A, 0x0D, 0x1F, 0xCB, 0xE8, 0xF8, 0x6A, 0x53,
  0x52, 0x4B, 0xA2, 0xC6, 0x6C, 0x48, 0x06, 0x2D, 0xCA, 0xA2, 0x65, 0x90, 0x14, 0x2D, 0x29, 0x0D,
  0x4A, 0x29, 0x2B, 0x65, 0xA5, 0x48, 0x01, 0x7A, 0x33, 0x1E, 0xCB, 0xE8, 0xF8, 0x6A, 0x43, 0x34,
  0x46, 0xC5, 0x24, 0x8A, 0x86, 0xA7, 0x68, 0x58, 0xE6, 0x44, 0x19, 0x96, 0x52, 0x92, 0x46, 0x61,
  0x94, 0x0D, 0x59, 0x8E, 0x00, 0x7A, 0x7A, 0x18, 0xCB, 0xE8, 0x78, 0xD3, 0xE1, 0xA9, 0x26, 0xD5,
  0x4A, 0xB5, 0x70, 0xCA, 0xC1, 0x61, 0x90, 0x73, 0x2C, 0xC7, 0xD2, 0xE1, 0x20, 0x7A, 0x81, 0x1A,
  0xCB, 0xE8, 0x78, 0xD3, 0xE1, 0xA9, 0x26, 0xD5, 0x4A, 0xB5, 0x28, 0x99, 0xB2, 0x74, 0x38, 0xA8,
  0x39, 0x94, 0xC4, 0x9A, 0xA4, 0x03, 0x02, 0x7A, 0x84, 0x1B, 0xCB, 0xE8, 0x78, 0xD3, 0xE1, 0xA9,
  0x56, 0x8A, 0x93, 0x68, 0x48, 0xA2, 0x1C, 0x1B, 0x86, 0x48, 0x49, 0xB5, 0x41, 0xCE, 0xB1, 0x41,
  0x4E, 0x01, 0x7A, 0x97, 0x1D, 0xCB, 0xE8, 0x78, 0xD3, 0xE1, 0x2D, 0xC9, 0x4A, 0x95, 0x71, 0x48,
  0x86, 0x53, 0xB6, 0x44, 0x89, 0x94, 0x44, 0x8B, 0xD4, 0xA2, 0x44, 0xA3, 0x34, 0x5C, 0x00, 0x7A,
  0xCB, 0x19, 0xCB, 0xE8, 0x78, 0x73, 0x2C, 0xC7, 0xE2, 0xE1, 0x0E, 0x85, 0x69, 0x31, 0x0D, 0xE3,
  0x28, 0x07, 0xA2, 0x1C, 0x0A, 0x87, 0x83, 0x00, 0x7A, 0xD6, 0x1C, 0xBB, 0xF8, 0x38, 0x73, 0x20,
  0x1A, 0x86, 0x24, 0x4A, 0xA2, 0x26, 0x2D, 0x8A, 0xB4, 0x28, 0x89, 0x44, 0x1D, 0x38, 0xA4, 0x59,
  0x9C, 0x65, 0xC3, 0x41, 0x7A, 0xDE, 0x1C, 0xBB, 0xE8, 0xB8, 0x86, 0x21, 0xCD, 0x72, 0x20, 0x8A,
  0x86, 0xA7, 0x61, 0xD0, 0xD2, 0x70, 0x18, 0xC2, 0x24, 0x92, 0xA3, 0x38, 0x8B, 0x12, 0x71, 0x08,
  0x7A, 0xEF, 0x20, 0xCB, 0xE8, 0xB8, 0xC2, 0x34, 0x89, 0xA2, 0x61, 0xAA, 0x0D, 0x83, 0x52, 0x47,
  0x92, 0x61, 0x50, 0x4A, 0xA9, 0x32, 0x0C, 0xC9, 0x90, 0x54, 0xA6, 0xA4, 0x31, 0x69, 0x0C, 0x05,
  0x7B, 0x26, 0x1D, 0xCB, 0xE8, 0x78, 0xC2, 0x74, 0x48, 0x86, 0x29, 0x89, 0xC2, 0x72, 0x58, 0x19,
  0x86, 0x44, 0xC9, 0xA2, 0x24, 0x2A, 0x46, 0xC5, 0x34, 0x4C, 0xC3, 0x50, 0x02, 0x7B, 0x2C, 0x1C,
  0xCB, 0xE8, 0x78, 0xC2, 0x74, 0x48, 0x86, 0x29, 0x89, 0xB2, 0xE1, 0x9C, 0x45, 0xC3, 0x29, 0x8B,
  0x87, 0x43, 0x28, 0x46, 0x4A, 0xB8, 0x45, 0x72, 0x0A, 0x7B, 0x49, 0x1C, 0xCB, 0xE8, 0x78, 0xC2,
  0x74, 0x48, 0x86, 0xA4, 0x54, 0x4D, 0x8A, 0xC3, 0x39, 0x1D, 0x0E, 0x3A, 0x10, 0x0E, 0xC7, 0x2C,
  0x07, 0xA2, 0x1C, 0xD2, 0x00, 0x7B, 0x56, 0x1C, 0xCB, 0xE8, 0x78, 0xC2, 0x74, 0x48, 0x86, 0x29,
  0x89, 0xC2, 0xDA, 0x70, 0x50, 0xE3, 0xE1, 0x94, 0x95, 0xA2, 0x45, 0x53, 0x12, 0x49, 0xCB, 0xD4,
  0x14, 0x7B, 0x79, 0x1A, 0xBB, 0xE9, 0xB8, 0xC2, 0x74, 0x48, 0x86, 0xA4, 0x94, 0x44, 0x99, 0x16,
  0x0D, 0xA7, 0xE1, 0x32, 0xFC, 0xBF, 0x48, 0x91, 0x96, 0x48, 0x00, 0x7B, 0x7E, 0x1C, 0xCB, 0xE8,
  0xB8, 0xC2, 0x74, 0x48, 0xC6, 0x48, 0x07, 0xA4, 0x38, 0xC9, 0x81, 0xCC, 0x98, 0x4C, 0x83, 0xDA,
  0x12, 0xE5, 0x50, 0x3A, 0x0C, 0x0A, 0x00, 0x7B, 0x80, 0x1F, 0xCB, 0xE8, 0xB8, 0x92, 0xA8, 0x34,
  0x5C, 0xB2, 0xA8, 0x12, 0x47, 0xD9, 0x20, 0x45, 0x53, 0x97, 0x28, 0x1A, 0x92, 0xA8, 0x25, 0x6A,
  0x89, 0xA2, 0x21, 0x89, 0xE2, 0x08, 0x7B, 0x97, 0x1E, 0xCB, 0xE8, 0x78, 0xC2, 0x74, 0x48, 0x86,
  0x29, 0x89, 0xC2, 0x61, 0x08, 0xD3, 0x70, 0x18, 0xC2, 0x34, 0x1C, 0x86, 0x30, 0x8D, 0x86, 0x83,
  0x56, 0x0D, 0x33, 0x00, 0x7B, 0xA1, 0x1A, 0xCB, 0xE8, 0x78, 0xD2, 0x70, 0x50, 0x06, 0xA9, 0x65,
  0x78, 0x87, 0xA4, 0x41, 0xCA, 0xCA, 0x83, 0x9C, 0x63, 0xC3, 0x1A, 0xA6, 0xC3, 0x04, 0x7B, 0xAD,
  0x21, 0xCB, 0xE8, 0x78, 0xC2, 0x74, 0x48, 0x86, 0x29, 0x89, 0xD2, 0x28, 0x1C, 0x0E, 0x4A, 0x94,
  0x03, 0x43, 0x12, 0xB5, 0x44, 0xD1, 0x90, 0x44, 0x2D, 0x51, 0x63, 0x94, 0x68, 0x0A, 0x00, 0x7C,
  0x7B, 0x1C, 0xCB, 0xE8, 0x78, 0x73, 0x2C, 0xCA, 0x81, 0x2C, 0x1A, 0xCE, 0x39, 0x52, 0x11, 0xA3,
  0xD2, 0x70, 0x10, 0x93, 0x1C, 0xCC, 0x41, 0x29, 0x07, 0x12, 0x00, 0x7C, 0x92, 0x1F, 0xCB, 0xE8,
  0xB8, 0xC2, 0x2C, 0x29, 0x85, 0x5B, 0x1A, 0x0D, 0x07, 0x31, 0x8B, 0xB2, 0x68, 0x2A, 0x29, 0xA5,
  0xA4, 0x96, 0x44, 0x49, 0x96, 0x84, 0xD5, 0x64, 0x18, 0x02, 0x7C, 0x97, 0x21, 0xCB, 0xE8, 0xB8,
  0x72, 0x2C, 0x19, 0x96, 0x44, 0xC9, 0x22, 0x29, 0x4B, 0x86, 0x43, 0x16, 0x65, 0xD1, 0x92, 0x45,
  0xCB, 0xA0, 0x54, 0xB4, 0xA4, 0x94, 0x95, 0xB2, 0xCA, 0x30, 0x04, 0x7C, 0xBE, 0x22, 0xCB, 0xE8,
  0xB8, 0xC2, 0x2C, 0x49, 0x86, 0x21, 0xD9, 0xD2, 0x68, 0x50, 0x06, 0x29, 0x4D, 0x86, 0x21, 0x59,
  0xB2, 0x68, 0x19, 0x94, 0x8A, 0x96, 0x94, 0x06, 0x2D, 0xCA, 0x4A, 0x91, 0x02, 0x7C, 0xFB, 0x1A,
  0xCB, 0xE8, 0xF8, 0x81, 0x69, 0xD8, 0xA1, 0x62, 0x12, 0xC5, 0x51, 0x8E, 0x48, 0xD1, 0x70, 0x88,
  0xC3, 0xA8, 0x92, 0x46, 0xB5, 0xE6, 0x14, 0x7D, 0x20, 0x1C, 0xCB, 0xE8, 0x78, 0xE3, 0xE1, 0x9C,
  0x03, 0x87, 0x1C, 0x48, 0x87, 0x83, 0x26, 0xE5, 0xC0, 0xA2, 0x0C, 0x49, 0x29, 0x4B, 0xA2, 0x4C,
  0xCA, 0xE2, 0x14, 0x7D, 0x22, 0x19, 0xCB, 0xE8, 0x78, 0xD3, 0xE1, 0xA0, 0xA6, 0xC3, 0x9B, 0xA8,
  0x48, 0x52, 0x28, 0x65, 0xC3, 0x31, 0x69, 0x8B, 0x4A, 0x5A, 0x39, 0x05, 0x7D, 0x2F, 0x1D, 0xCB,
  0xE8, 0x78, 0x86, 0x53, 0x56, 0x1A, 0x4E, 0x59, 0x69, 0xB8, 0x46, 0xE1, 0xA4, 0x03, 0x92, 0x32,
  0x0C, 0x52, 0xA4, 0x24, 0x92, 0x96, 0xA9, 0x29, 0x00, 0x7E, 0xA2, 0x1A, 0xBB, 0xF8, 0xB8, 0x72,
  0x2C, 0x1A, 0xA4, 0x34, 0x4C, 0xB3, 0x31, 0xC7, 0xC2, 0x34, 0x1B, 0xB2, 0x1C, 0x4B, 0xB5, 0x4C,
  0x1A, 0x86, 0x00, 0x7E, 0xA6, 0x1A, 0xCB, 0xE8, 0xB8, 0xB2, 0x38, 0x4B, 0xB3, 0x38, 0x1A, 0x5E,
  0xE3, 0x2C, 0x49, 0xA3, 0x41, 0xCE, 0xB1, 0x48, 0x5E, 0x93, 0x1C, 0x8A, 0x00, 0x7E, 0xA7, 0x1E,
  0xCB, 0xE8, 0xB8, 0xE2, 0x2C, 0x19, 0xA6, 0xAC, 0x94, 0x94, 0xA2, 0x29, 0x92, 0xB5, 0x24, 0x93,
  0x92, 0x29, 0xC9, 0x81, 0x28, 0xDD, 0x22, 0x25, 0xD5, 0xB1, 0x00, 0x7E, 0xAF, 0x1B, 0xBB, 0xF8,
  0xB8, 0xC2, 0x34, 0x2C, 0x0D, 0x43, 0x52, 0xCB, 0x96, 0x28, 0x49, 0xA3, 0x24, 0x6A, 0x49, 0x0E,
  0x3B, 0x92, 0x6A, 0xD1, 0x3A, 0x04, 0x7E, 0xB3, 0x1E, 0xCB, 0xE8, 0xB8, 0xC2, 0x34, 0xAC, 0x0D,
  0x4B, 0x22, 0x45, 0x43, 0x12, 0x15, 0xA3, 0x4A, 0x94, 0x64, 0x43, 0x22, 0x25, 0x61, 0x1A, 0xAD,
  0x53, 0x1A, 0x56, 0x00, 0x7E, 0xB5, 0x1D, 0xCB, 0xE8, 0xB8, 0x1A, 0xA3, 0x5A, 0x29, 0x2B, 0x45,
  0x53, 0x1D, 0x88, 0xB2, 0x52, 0x34, 0x4C, 0x71, 0xA2, 0x64, 0x53, 0x92, 0x28, 0x51, 0x16, 0x55,
  0x01, 0x7E, 0xBF, 0x1A, 0xCB, 0xE8, 0xF8, 0xEA, 0x58, 0x1A, 0x96, 0xA2, 0xC3, 0x90, 0x86, 0x43,
  0x12, 0x0D, 0xE1, 0x96, 0x63, 0xA9, 0x96, 0x69, 0x61, 0x8E, 0x05, 0x7E, 0xC4, 0x1C, 0xBB, 0xF8,
  0xB8, 0x72, 0x2C, 0x1B, 0xA2, 0xAC, 0x94, 0x55, 0xA6, 0x41, 0xCE, 0xA2, 0xAC, 0x32, 0x24, 0x83,
  0x9C, 0x65, 0x4A, 0x96, 0x48, 0xC3, 0x10, 0x7E, 0xC6, 0x22, 0xCB, 0xE8, 0xB8, 0x72, 0x2C, 0x1B,
  0x94, 0x2C, 0x89, 0x92, 0x2C, 0x89, 0x86, 0x28, 0x89, 0xD2, 0x24, 0x4A, 0xB2, 0xE1, 0x90, 0x94,
  0xD2, 0x24, 0x8A, 0x94, 0xD2, 0x36, 0xAC, 0x61, 0x00, 0x7E, 0xC8, 0x1D, 0xCB, 0xE8, 0xB8, 0xB2,
  0x38, 0x1B, 0xA2, 0xAC, 0x14, 0x2D, 0xD1, 0xA8, 0x43, 0x5A, 0x18, 0x25, 0xC3, 0x92, 0xE8, 0x48,
  0xA8, 0x26, 0xE2, 0x0E, 0x26, 0x00, 0x7E, 0xCF, 0x1D, 0xBB, 0xF8, 0xB8, 0x72, 0x2C, 0x1A, 0xA4,
  0x38, 0x8B, 0x22, 0x69, 0x88, 0x22, 0xA9, 0x98, 0xE4, 0xD0, 0x10, 0x0D, 0x39, 0x92, 0x6A, 0x99,
  0x34, 0x0C, 0x01, 0x7E, 0xD1, 0x22, 0xCB, 0xE8, 0xB8, 0xEA, 0x40, 0x94, 0x0C, 0x49, 0x34, 0x44,
  0x49, 0xB7, 0x65, 0x48, 0xA2, 0x2C, 0x89, 0x06, 0xA5, 0x14, 0x0E, 0x51, 0xA4, 0x24, 0xCA, 0x54,
  0x49, 0xA3, 0x1C, 0xCB, 0x00, 0x7E, 0xD3, 0x1A, 0xCA, 0xE9, 0xB8, 0xB2, 0x1C, 0xCA, 0x81, 0x43,
  0x9A, 0x4D, 0x43, 0x94, 0x23, 0x39, 0x32, 0x24, 0xC3, 0x58, 0x4A, 0xC2, 0x69, 0x18, 0x0B, 0x7E,
  0xD5, 0x1B, 0xCB, 0xE8, 0xB8, 0xB2, 0x38, 0x4B, 0xC3, 0x21, 0x8A, 0xC6, 0x51, 0x47, 0x96, 0x92,
  0x36, 0x3C, 0x27, 0xA9, 0x52, 0xD3, 0x92, 0x28, 0xD3, 0x06, 0x7E, 0xD8, 0x1C, 0xCB, 0xE8, 0xB8,
  0xC2, 0x34, 0x13, 0x43, 0x31, 0x29, 0x45, 0xC3, 0x41, 0x47, 0x73, 0x20, 0x99, 0x06, 0x1D, 0x49,
  0xA5, 0x24, 0xD2, 0x06, 0x1D, 0x0C, 0x7E, 0xD9, 0x1B, 0xCB, 0xE8, 0xB8, 0xC2, 0x34, 0x13, 0x43,
  0x31, 0x29, 0x45, 0x83, 0x28, 0x0E, 0x53, 0x0E, 0x1D, 0xD4, 0x30, 0x1B, 0x13, 0x69, 0x58, 0xC3,
  0x04, 0x7E, 0xDC, 0x1C, 0xCB, 0xE8, 0xB8, 0xB2, 0x38, 0x1B, 0xA2, 0x2C, 0x4C, 0x4A, 0x95, 0x51,
  0x87, 0xB4, 0x4C, 0x1A, 0x1E, 0xD2, 0x30, 0x52, 0xC2, 0x6D, 0x58, 0xC3, 0x00, 0x7E, 0xDD, 0x1D,
  0xCB, 0xE8, 0xB8, 0xC2, 0x34, 0xD4, 0x91, 0x5A, 0xA4, 0x44, 0xC3, 0x53, 0x25, 0x4A, 0xB2, 0x24,
  0x1A, 0x94, 0x61, 0xCD, 0x01, 0x25, 0xD5, 0xC2, 0x78, 0x10, 0x7E, 0xDF, 0x1C, 0xCB, 0xE8, 0xB8,
  0xB2, 0x38, 0x2C, 0x0D, 0x53, 0x12, 0x85, 0x53, 0x0E, 0x0D, 0x53, 0x96, 0x64, 0x53, 0x92, 0x23,
  0xD5, 0x29, 0x9A, 0xB2, 0x2D, 0x07, 0x7E, 0xE7, 0x1D, 0xBB, 0xF8, 0xB8, 0xC2, 0x34, 0x89, 0xC2,
  0x48, 0x09, 0x13, 0x4B, 0xB2, 0x44, 0xF2, 0x30, 0xB5, 0x2D, 0xC9, 0x90, 0x2A, 0x51, 0x34, 0x65,
  0xD2, 0x30, 0x04, 0x7E, 0xEA, 0x1F, 0xCB, 0xE8, 0xB8, 0xC2, 0x34, 0x1A, 0xA4, 0x54, 0x4B, 0xB2,
  0x6C, 0x38, 0xA8, 0x59, 0x14, 0x0D, 0xCB, 0x90, 0x64, 0xF1, 0xA0, 0x29, 0x59, 0xA2, 0x0D, 0x72,
  0x96, 0x00, 0x7E, 0xED, 0x1C, 0xCB, 0xE8, 0xB8, 0xC2, 0x34, 0x1A, 0xB2, 0x34, 0x4C, 0xB2, 0x6C,
  0x38, 0xC8, 0x4A, 0x94, 0x66, 0xC3, 0x41, 0x07, 0x52, 0x2D, 0xD3, 0x81, 0x1C, 0x0C, 0x7E, 0xF4,
  0x1E, 0xCB, 0xE8, 0xB8, 0xB2, 0x38, 0x4B, 0xB2, 0x6C, 0x58, 0x9A, 0xA2, 0xE1, 0x10, 0x47, 0x59,
  0x29, 0x1A, 0x92, 0x41, 0x8E, 0x42, 0x25, 0x4A, 0xB6, 0x61, 0x4D, 0x01, 0x7E, 0xFF, 0x1E, 0xCB,
  0xE8, 0xB8, 0xE2, 0x2C, 0x1A, 0xA4, 0x6C, 0x90, 0x8A, 0xC9, 0x70, 0xD0, 0x81, 0x30, 0x4B, 0x2A,
  0xDB, 0x0E, 0x24, 0xE2, 0x94, 0x24, 0x6A, 0x22, 0x87, 0x00, 0x7F, 0x00, 0x20, 0xCB, 0xE8, 0xB8,
  0x72, 0x2C, 0x19, 0x86, 0x24, 0x4A, 0x94, 0x28, 0x8B, 0xA2, 0x25, 0x31, 0x46, 0x61, 0x34, 0xBC,
  0x48, 0x61, 0xA2, 0x64, 0x4A, 0x14, 0x49, 0x89, 0x2D, 0x0E, 0x7F, 0x13, 0x1E, 0xCB, 0xE8, 0xB8,
  0xE2, 0x2C, 0x19, 0xB4, 0x8A, 0x16, 0xD5, 0xA6, 0x41, 0x1D, 0x86, 0x24, 0x0C, 0x87, 0x68, 0x88,
  0xA3, 0x70, 0xCA, 0x94, 0x28, 0xD2, 0xB1, 0x00, 0x7F, 0x16, 0x1C, 0xCB, 0xE8, 0xB8, 0xB2, 0x38,
  0x1A, 0xA4, 0x62, 0x94, 0x88, 0xC9, 0x41, 0xCE, 0x81, 0x68, 0x78, 0x69, 0x1C, 0x86, 0x68, 0xA9,
  0x4C, 0x49, 0x63, 0x28, 0x7F, 0x1D, 0x1F, 0xCB, 0xE8, 0xB8, 0xC2, 0x34, 0x1B, 0xA2, 0x48, 0xCA,
  0x92, 0x2C, 0x1B, 0x0E, 0x62, 0x32, 0x44, 0x6D, 0x4B, 0x32, 0x0F, 0xDB, 0x94, 0x49, 0x4A, 0x94,
  0x45, 0x83, 0x00, 0x7F, 0x29, 0x21, 0xCB, 0xE8, 0x78, 0xD2, 0x30, 0x1A, 0x86, 0x24, 0x4A, 0x93,
  0xC6, 0x21, 0x1A, 0xC6, 0x28, 0x4C, 0x94, 0x61, 0x50, 0x6A, 0x61, 0x32, 0x48, 0x4B, 0x36, 0x25,
  0x83, 0x98, 0x64, 0x01, 0x7F, 0x3A, 0x21, 0xCB, 0xE8, 0x78, 0xD2, 0x30, 0x0D, 0x87, 0x28, 0x4B,
  0xA2, 0x41, 0x0B, 0x93, 0x64, 0x90, 0x92, 0x2C, 0x1A, 0x86, 0xA4, 0x94, 0x25, 0x25, 0x29, 0xE9,
  0x34, 0x6C, 0x49, 0x96, 0x06, 0x7F, 0x51, 0x1B, 0xBB, 0xE8, 0x38, 0x3E, 0x65, 0xD1, 0x92, 0x45,
  0x8A, 0x52, 0x92, 0x22, 0xA7, 0x48, 0x29, 0x29, 0x4A, 0x96, 0x24, 0x63, 0x26, 0x86, 0x3A, 0x22,
  0x7F, 0x69, 0x1C, 0xCB, 0xE8, 0x78, 0x86, 0x43, 0x12, 0xB5, 0x0C, 0x87, 0x34, 0xC7, 0x06, 0x39,
  0x07, 0x0E, 0x61, 0x1A, 0x0E, 0x43, 0x98, 0x46, 0xC3, 0x41, 0x4D, 0x01, 0x7F, 0x6E, 0x1B, 0xBB,
  0xE8, 0x78, 0x86, 0x53, 0x25, 0x8A, 0x86, 0x73, 0x3A, 0x1C, 0xD4, 0x38, 0x19, 0xB6, 0x24, 0xCC,
  0x92, 0x61, 0x4B, 0xC2, 0x6C, 0x38, 0x04, 0x7F, 0xFB, 0x21, 0xCB, 0xE8, 0xF8, 0xE4, 0x65, 0x18,
  0x92, 0x2D, 0x1A, 0xA6, 0x92, 0x92, 0x28, 0x89, 0x92, 0x28, 0x4B, 0x18, 0x0D, 0x8B, 0xB2, 0x24,
  0x96, 0x61, 0x8A, 0x94, 0x52, 0x34, 0x2C, 0x06, 0x80, 0x03, 0x1B, 0xCB, 0xE8, 0x78, 0x73, 0xAC,
  0x36, 0x0C, 0x39, 0x90, 0x64, 0xC3, 0x41, 0xCD, 0xA1, 0x61, 0x9B, 0xA5, 0x41, 0xC7, 0x72, 0x2C,
  0x47, 0x34, 0x00, 0x80, 0x05, 0x1C, 0xCB, 0xE8, 0x78, 0x73, 0xE0, 0x90, 0x03, 0x51, 0x0E, 0x24,
  0xD9, 0x70, 0x50, 0x73, 0x64, 0x18, 0xC5, 0x48, 0x19, 0xD6, 0x30, 0x0D, 0xD3, 0x61, 0x02, 0x80,
  0x0C, 0x19, 0xBB, 0xE8, 0x38, 0x1E, 0xE4, 0x1C, 0x8A, 0x87, 0x43, 0x12, 0xB5, 0x44, 0x2D, 0x51,
  0x4B, 0xD4, 0x12, 0xB5, 0x44, 0x2D, 0x39, 0x20, 0x80, 0x17, 0x1E, 0xCB, 0xE8, 0xB8, 0x52, 0x65,
  0x18, 0xD4, 0x30, 0x1B, 0xA4, 0x21, 0x8A, 0xB6, 0x41, 0x4A, 0xC3, 0x21, 0x39, 0x2A, 0x51, 0x96,
  0x84, 0x91, 0x12, 0x46, 0xD5, 0x01, 0x80, 0x26, 0x1E, 0xBB, 0xE9, 0xF8, 0x86, 0x21, 0x99, 0x92,
  0x5A, 0x34, 0x48, 0x4B, 0x5B, 0x34, 0x28, 0x83, 0x94, 0x46, 0xC3, 0xB2, 0x24, 0x4A, 0x62, 0x19,
  0x94, 0xC8, 0x54, 0x13, 0x80, 0x54, 0x1B, 0xCB, 0xE8, 0x78, 0xC3, 0x61, 0x51, 0xA2, 0x3A, 0xF0,
  0xD4, 0x18, 0x15, 0x87, 0x43, 0x12, 0x15, 0xA3, 0x48, 0x1B, 0xB2, 0x48, 0x0A, 0xC5, 0x34, 0x80,
  0x5A, 0x1F, 0xCB, 0xE8, 0x38, 0xCE, 0xD1, 0x30, 0x24, 0x43, 0x12, 0x35, 0x69, 0xC3, 0x94, 0x48,
  0x69, 0x98, 0x6C, 0x83, 0x18, 0x45, 0x8A, 0xA5, 0x22, 0x46, 0xD9, 0x90, 0xA5, 0x00, 0x80, 0xCC,
  0x1E, 0xCB, 0xE8, 0x38, 0x93, 0x70, 0x50, 0x22, 0x31, 0x19, 0x97, 0x6C, 0x8A, 0x86, 0x68, 0x18,
  0xC2, 0x34, 0x1C, 0x86, 0x30, 0x0D, 0x87, 0x21, 0x4C, 0xC3, 0x50, 0x02, 0x80, 0xFD, 0x21, 0xCB,
  0xE8, 0xB8, 0xB2, 0x38, 0x8B, 0x5A, 0xA6, 0x21, 0xD1, 0x21, 0x2D, 0x19, 0xA2, 0x21, 0x89, 0x92,
  0x74, 0x48, 0xA2, 0x96, 0x6D, 0x48, 0xD2, 0x28, 0xC9, 0x92, 0x44, 0x1A, 0x02, 0x81, 0x09, 0x1E,
  0xCC, 0xE8, 0xB8, 0xE3, 0x2D, 0x4D, 0x72, 0x28, 0x49, 0xD6, 0x2D, 0xAA, 0x0C, 0x43, 0x96, 0x44,
  0xE3, 0xD2, 0x96, 0x74, 0x4B, 0xA4, 0x96, 0x2C, 0x53, 0x24, 0x11, 0x81, 0x11, 0x21, 0xCB, 0xE8,
  0xF8, 0xA2, 0x74, 0x47, 0x92, 0x61, 0x50, 0xEA, 0xC8, 0x20, 0x25, 0x15, 0x25, 0x4B, 0x12, 0x53,
  0x32, 0x24, 0x52, 0x92, 0x4C, 0x4B, 0x22, 0x2A, 0xC9, 0x70, 0x59, 0x03, 0x81, 0x1A, 0x24, 0xCB,
  0xE8, 0x78, 0xD3, 0x29, 0x1A, 0x92, 0x61, 0x48, 0x94, 0xA8, 0x32, 0x44, 0x15, 0x65, 0x18, 0x12,
  0x25, 0xAA, 0x0C, 0x49, 0x8B, 0x52, 0x19, 0x92, 0x64, 0x48, 0xA4, 0x24, 0x8D, 0x92, 0x34, 0x02,
  0x81, 0x31, 0x22, 0xCB, 0xE8, 0x78, 0xB3, 0x68, 0x6A, 0x89, 0x92, 0x2C, 0x49, 0x06, 0x69, 0xC9,
  0xA2, 0xA4, 0x16, 0x25, 0xC9, 0x20, 0x4D, 0x49, 0x96, 0x44, 0x49, 0x96, 0x44, 0x49, 0x4F, 0x89,
  0x25, 0x13, 0x81, 0xEA, 0x12, 0xC7, 0xEA, 0xF8, 0xD2, 0x70, 0x18, 0x54, 0x75, 0xB8, 0xAA, 0xC3,
  0x55, 0x1D, 0x06, 0x01, 0x81, 0xF3, 0x17, 0xBB, 0xE8, 0x38, 0x1E, 0xD4, 0x1C, 0x2A, 0x47, 0xDB,
  0xA0, 0xC5, 0x59, 0x34, 0x9C, 0x73, 0x2C, 0xC7, 0xD2, 0xE1, 0x20, 0x81, 0xF4, 0x1E, 0xCB, 0xE8,
  0xB8, 0xC3, 0x41, 0x89, 0xB3, 0x41, 0x89, 0x92, 0x28, 0x19, 0xB6, 0x4A, 0x29, 0xAB, 0x44, 0x83,
  0x24, 0x56, 0xB3, 0x24, 0x54, 0xB2, 0x44, 0x4A, 0x03, 0x82, 0x2A, 0x20, 0xCB, 0xE8, 0xF8, 0xAA,
  0x61, 0x38, 0x1C, 0x92, 0x3A, 0x32, 0x6D, 0x49, 0x94, 0x44, 0xC3, 0x90, 0x64, 0x49, 0x94, 0x64,
  0x4B, 0x94, 0x25, 0xA5, 0xA4, 0xA2, 0x25, 0x56, 0x01, 0x82, 0x2C, 0x1D, 0xCB, 0xE8, 0xB8, 0xB2,
  0x43, 0x52, 0x8B, 0x92, 0x9A, 0xD2, 0xCB, 0xB4, 0x44, 0xF1, 0x70, 0x88, 0x8A, 0x91, 0xD2, 0x96,
  0x48, 0x61, 0x94, 0x94, 0xA2, 0x4D, 0x82, 0x72, 0x1C, 0xCA, 0xE8, 0xF8, 0x72, 0x68, 0x10, 0xB3,
  0x4C, 0x4B, 0x87, 0x41, 0xAA, 0x45, 0xB5, 0x68, 0x18, 0xA4, 0x1C, 0xCA, 0x81, 0x24, 0x07, 0xA2,
  0x61, 0x10, 0x82, 0x82, 0x1B, 0xCB, 0xE8, 0x38, 0xA3, 0x6C, 0x38, 0x88, 0x51, 0x0E, 0x44, 0x49,
  0x34, 0x5C, 0xC3, 0x34, 0x4C, 0xC3, 0x34, 0x4A, 0xD2, 0x2C, 0xCE, 0xB1, 0x18, 0x82, 0xAF, 0x1B,
  0xCB, 0xE8, 0xF8, 0x6A, 0xC3, 0x41, 0x2B, 0x67, 0x39, 0x2D, 0x89, 0x93, 0x28, 0xC9, 0x92, 0xA8,
  0x25, 0x96, 0xC2, 0x44, 0x0A, 0xE3, 0x41, 0x02, 0x82, 0xE5, 0x1A, 0xCB, 0xE8, 0xF8, 0x6A, 0xC3,
  0x41, 0xAB, 0x03, 0x39, 0x16, 0x0F, 0x07, 0x31, 0x87, 0x86, 0x51, 0xCC, 0x92, 0x30, 0x2A, 0xA6,
  0xC3, 0x04, 0x82, 0xF1, 0x1B, 0xCB, 0xE8, 0xF8, 0x8A, 0xC3, 0x31, 0xA9, 0x23, 0x39, 0x70, 0x08,
  0xA3, 0x62, 0x54, 0x1A, 0x0E, 0x6A, 0x0E, 0x25, 0xB1, 0x26, 0xE9, 0x80, 0x00, 0x83, 0x03, 0x1D,
  0xCB, 0xE8, 0xF8, 0x6A, 0xC3, 0x41, 0x2B, 0x67, 0x61, 0x36, 0x68, 0x51, 0x96, 0x84, 0x59, 0x94,
  0x25, 0x6A, 0x92, 0x03, 0x51, 0x18, 0x15, 0x93, 0x70, 0x10, 0x83, 0xB7, 0x1B, 0xCB, 0xE8, 0x38,
  0xA3, 0x6C, 0x38, 0x88, 0x51, 0x8E, 0x25, 0x59, 0x18, 0x27, 0xC3, 0x56, 0xCE, 0xE2, 0x4C, 0x2A,
  0xA6, 0xA9, 0x94, 0x03, 0x01, 0x83, 0xDC, 0x1B, 0xCB, 0xE8, 0xF8, 0x6A, 0xC3, 0x41, 0x8B, 0xB6,
  0x41, 0x0A, 0xA3, 0x6A, 0x52, 0x47, 0xD2, 0xE1, 0x20, 0xCE, 0x4A, 0x22, 0x69, 0x99, 0x9A, 0x02,
  0x84, 0x3D, 0x1E, 0xCB, 0xE8, 0xF8, 0x6A, 0xC3, 0x41, 0x4B, 0x8A, 0x49, 0x32, 0x84, 0x51, 0x5B,
  0x22, 0x86, 0x3A, 0x20, 0x85, 0xC3, 0x25, 0xCA, 0xA2, 0xAC, 0x94, 0x0D, 0x12, 0x00, 0x84, 0xDD,
  0x1B, 0xBB, 0xF8, 0xF8, 0x6A, 0xC3, 0x41, 0xAB, 0x03, 0x49, 0x2D, 0x4A, 0xB6, 0x28, 0xC7, 0x72,
  0x64, 0x18, 0xA4, 0x96, 0xA8, 0x25, 0x19, 0x0E, 0x02, 0x85, 0xCF, 0x21, 0xCC, 0xE8, 0xF8, 0x8A,
  0xC3, 0x41, 0xCC, 0x72, 0x34, 0x4B, 0x86, 0x4B, 0x65, 0xD0, 0x96, 0x6E, 0xC9, 0xA0, 0x24, 0x4B,
  0xA4, 0xB4, 0x0C, 0x49, 0x94, 0xF4, 0x14, 0x0D, 0x59, 0x00, 0x86, 0x5A, 0x1D, 0xCB, 0xE8, 0x78,
  0x73, 0x6C, 0xC8, 0x81, 0x78, 0x38, 0x24, 0x51, 0x9A, 0x0C, 0x83, 0x16, 0x85, 0x51, 0x36, 0x48,
  0x4A, 0x5B, 0x62, 0xAB, 0xA4, 0xC3, 0x21, 0x86, 0x7D, 0x19, 0xBA, 0xF9, 0xF8, 0x81, 0x6C, 0x18,
  0xB2, 0x34, 0x1B, 0x86, 0x38, 0x1E, 0x06, 0x25, 0xAB, 0x0C, 0xD7, 0x1C, 0x2A, 0x0D, 0x87, 0x00,
  0x88, 0x4C, 0x1D, 0xCB, 0xE8, 0xB8, 0x72, 0x2C, 0x1A, 0xA4, 0x1C, 0x4B, 0x72, 0x20, 0x1A, 0x06,
  0x29, 0x0D, 0xD3, 0x4C, 0x8D, 0x92, 0x34, 0x4C, 0xC3, 0x34, 0x0C, 0x25, 0x00, 0x88, 0x65, 0x1B,
  0xCB, 0xE8, 0xB8, 0xC2, 0x38, 0xCB, 0xB1, 0x6C, 0x90, 0xE2, 0x2C, 0xCE, 0xC4, 0x29, 0x51, 0x6A,
  0xA5, 0x2C, 0xCE, 0xE2, 0x2C, 0xCE, 0x32, 0x00, 0x88, 0x68, 0x19, 0xCB, 0xE8, 0x78, 0xE3, 0xE1,
  0x1C, 0x0F, 0xE7, 0x74, 0x38, 0x68, 0x49, 0x14, 0x4A, 0x49, 0xA4, 0x44, 0x72, 0x16, 0x4F, 0xD9,
  0x2A, 0x88, 0xAB, 0x1F, 0xCB, 0xE8, 0xB8, 0xC2, 0x34, 0xCC, 0x86, 0x64, 0xD8, 0x92, 0x52, 0x4B,
  0x2D, 0x19, 0xA6, 0x25, 0x4B, 0x2A, 0x4B, 0x18, 0x25, 0x62, 0x12, 0x89, 0x52, 0x2D, 0x11, 0x03,
  0x88, 0xC1, 0x20, 0xCB, 0xE8, 0xF8, 0x2A, 0xD1, 0xA0, 0x44, 0x59, 0x6D, 0x38, 0x68, 0xB5, 0x61,
  0x50, 0xB2, 0x4C, 0x89, 0x96, 0xA8, 0x52, 0x0B, 0xA3, 0x44, 0x89, 0xA4, 0x48, 0x91, 0xC2, 0x00,
  0x88, 0xC5, 0x1D, 0xCB, 0xE8, 0xB8, 0xB2, 0x30, 0xC9, 0xD2, 0xE1, 0x10, 0x65, 0xA9, 0x16, 0x26,
  0xC9, 0x30, 0xA7, 0xC3, 0x41, 0x53, 0xA2, 0x2C, 0x89, 0x4C, 0x4B, 0x38, 0x0A, 0x88, 0xF8, 0x23,
  0xCC, 0xE8, 0xB8, 0x72, 0x30, 0x1A, 0x96, 0x21, 0x29, 0x85, 0xC9, 0xB0, 0x45, 0x49, 0x94, 0x25,
  0xC3, 0x10, 0x6D, 0x61, 0x92, 0x0C, 0x83, 0x94, 0xAD, 0x51, 0x52, 0x4C, 0xA2, 0x5A, 0x18, 0x02,
  0x89, 0x81, 0x19, 0xBB, 0xE8, 0x38, 0x1E, 0xC4, 0x24, 0x1D, 0x4E, 0x95, 0x28, 0x1A, 0xAE, 0xF1,
  0x70, 0xD0, 0xCA, 0x4A, 0x0E, 0x8D, 0x43, 0xA6, 0x00, 0x89, 0x86, 0x1E, 0xCB, 0xE8, 0x38, 0x1E,
  0xC4, 0x24, 0x1D, 0x4E, 0x95, 0x28, 0x1A, 0x6E, 0x49, 0x0E, 0x44, 0xC3, 0xA0, 0x74, 0x8C, 0x06,
  0x29, 0xD1, 0x22, 0x51, 0x4C, 0xA6, 0x01, 0x89, 0xC1, 0x1C, 0xCB, 0xE8, 0xF8, 0x91, 0x70, 0x18,
  0xC2, 0xA8, 0x18, 0x15, 0xA3, 0x62, 0x54, 0x8C, 0x8A, 0x49, 0x16, 0x27, 0x39, 0x56, 0xCA, 0x86,
  0x21, 0x87, 0x00, 0x89, 0xC2, 0x1E, 0xCB, 0xE8, 0xF8, 0xA1, 0x68, 0x19, 0x54, 0x2D, 0xCA, 0x92,
  0x52, 0xD2, 0x2D, 0x4A, 0x6A, 0x51, 0x52, 0x4A, 0x3A, 0x55, 0xB4, 0x54, 0x07, 0x94, 0x28, 0x12,
  0x07, 0x89, 0xC4, 0x20, 0xCB, 0xE8, 0xB8, 0x72, 0x2C, 0x1B, 0xB2, 0x28, 0x29, 0x2D, 0x6D, 0x51,
  0x52, 0x19, 0x96, 0x5A, 0x94, 0xD4, 0xC2, 0x38, 0x4A, 0xB2, 0x30, 0x89, 0xC2, 0x28, 0x09, 0x43,
  0x01, 0x89, 0xC6, 0x21, 0xCB, 0xE8, 0xF8, 0xA1, 0x2C, 0x19, 0xD6, 0x30, 0x19, 0xA4, 0x24, 0x8D,
  0x92, 0x2C, 0x89, 0x92, 0x6C, 0x4A, 0xB2, 0x24, 0x51, 0xB2, 0x4C, 0x8D, 0x92, 0xA8, 0x69, 0x4A,
  0x62, 0x00, 0x89, 0xC8, 0x1C, 0xCB, 0xE8, 0xF8, 0xA2, 0x34, 0x89, 0x06, 0xA5, 0x63, 0x12, 0xA6,
  0xC3, 0x98, 0x86, 0x51, 0x31, 0x2A, 0x46, 0x4A, 0x98, 0xB4, 0x46, 0xD9, 0x3A, 0x04, 0x89, 0xD2,
  0x1B, 0xCA, 0xE8, 0x38, 0x73, 0x64, 0x10, 0xB3, 0x6C, 0x38, 0x44, 0xB5, 0x68, 0x18, 0xA4, 0x5A,
  0x34, 0x0C, 0x52, 0x1C, 0xC5, 0x51, 0x9C, 0xC4, 0x02, 0x89, 0xE3, 0x21, 0xCC, 0xE8, 0xB8, 0x72,
  0x70, 0x38, 0x75, 0x89, 0x6A, 0xD1, 0x20, 0x69, 0x49, 0x65, 0x88, 0x86, 0x25, 0x4C, 0x4A, 0xE1,
  0x70, 0x50, 0xB2, 0x28, 0xCC, 0xA2, 0x2C, 0x93, 0x32, 0x00, 0x89, 0xE6, 0x23, 0xCC, 0xE8, 0xB8,
  0xD2, 0x74, 0x88, 0xC2, 0x28, 0x2B, 0x45, 0x83, 0x34, 0x2C, 0xA5, 0x24, 0x51, 0x4A, 0xC3, 0x21,
  0x4A, 0x4A, 0xE1, 0x20, 0x69, 0xA5, 0x24, 0xCA, 0xA2, 0x25, 0x1B, 0xB2, 0x00, 0x8A, 0x00, 0x18,
  0xCB, 0xE8, 0xF8, 0x06, 0x9D, 0xF0, 0xA0, 0x13, 0x06, 0x9D, 0x36, 0xE8, 0xA4, 0x61, 0x08, 0xD3,
  0x30, 0x0D, 0x87, 0x21, 0x02, 0x8B, 0x66, 0x20, 0xCC, 0xE8, 0xB8, 0x92, 0x28, 0x1C, 0x96, 0x41,
  0xC9, 0xB4, 0x64, 0x48, 0xDA, 0x92, 0x92, 0xB6, 0x4C, 0xA2, 0x0E, 0x3C, 0xA4, 0x43, 0x3C, 0x0C,
  0x62, 0x1C, 0x0E, 0x83, 0x04, 0x8B, 0xA1, 0x1A, 0xCB, 0xE8, 0xF8, 0x81, 0x34, 0x4C, 0xC3, 0x1C,
  0xCB, 0x96, 0x61, 0x88, 0xC2, 0x34, 0x4C, 0xC3, 0x34, 0x4C, 0xC3, 0x34, 0xCC, 0xB1, 0x0C, 0x8B,
  0xA4, 0x18, 0xCB, 0xE8, 0xF8, 0x81, 0x50, 0x4C, 0xC3, 0x1C, 0xCB, 0x36, 0x35, 0x53, 0xB3, 0x38,
  0x2A, 0x46, 0xC5, 0x31, 0x0D, 0xB5, 0x38, 0x8B, 0xA9, 0x18, 0xBB, 0xF8, 0xF8, 0x81, 0x50, 0x4C,
  0xC3, 0x1C, 0x4B, 0x92, 0x71, 0x0B, 0xD3, 0x30, 0x0D, 0xD3, 0x30, 0x0D, 0xD3, 0xE1, 0x00, 0x8B,
  0xAE, 0x18, 0xBB, 0xE8, 0x78, 0xB4, 0x38, 0x8C, 0xC2, 0x78, 0xCA, 0x4A, 0xC5, 0x2C, 0x09, 0x33,
  0x35, 0x53, 0x95, 0x28, 0x0E, 0xB5, 0x38, 0x8B, 0xB0, 0x19, 0xAB, 0xF8, 0xB8, 0x92, 0x61, 0x8B,
  0x73, 0x2C, 0x99, 0xB3, 0x68, 0xD0, 0x92, 0x30, 0x4B, 0x72, 0xA4, 0x8E, 0x54, 0xA3, 0x68, 0x18,
  0x8B, 0xB8, 0x1B, 0xCB, 0xE8, 0x38, 0x73, 0x40, 0x19, 0xB6, 0x24, 0xCA, 0xB1, 0x6C, 0x4C, 0x87,
  0x53, 0x98, 0x86, 0x69, 0x98, 0x86, 0x69, 0x98, 0x63, 0x19, 0x00, 0x8B, 0xBA, 0x1B, 0xBB, 0xF8,
  0xF8, 0x81, 0x50, 0x53, 0x33, 0x1D, 0x89, 0xA2, 0x25, 0x94, 0xEA, 0x40, 0x54, 0x8C, 0x86, 0x30,
  0xCA, 0x81, 0x28, 0x8C, 0xB2, 0x41, 0x8B, 0xBE, 0x1C, 0xCB, 0xE8, 0x78, 0x87, 0x30, 0x2A, 0x46,
  0x75, 0x20, 0x8A, 0x96, 0x50, 0x4A, 0x86, 0x2D, 0xCA, 0xAA, 0x61, 0x16, 0x87, 0x69, 0x14, 0x6D,
  0x6A, 0x00, 0x8B, 0xBF, 0x19, 0xCB, 0xE8, 0xB8, 0x8B, 0x69, 0x8E, 0x0E, 0x87, 0x2C, 0xCE, 0x86,
  0xAC, 0x94, 0x95, 0xB2, 0x52, 0x16, 0x65, 0xA5, 0x1C, 0xAA, 0x01, 0x8B, 0xC1, 0x1C, 0xBB, 0xF8,
  0xF8, 0xB1, 0x28, 0x19, 0x86, 0x1C, 0xC8, 0xB1, 0x6C, 0x4C, 0xA3, 0x64, 0x88, 0x2A, 0x69, 0x94,
  0xA4, 0x51, 0x92, 0x46, 0x49, 0x3A, 0x1C, 0x8B, 0xC6, 0x1C, 0xCB, 0xE8, 0xF8, 0xA1, 0x2C, 0x19,
  0xD6, 0x30, 0x0D, 0x93, 0x25, 0xCC, 0x92, 0x30, 0x4B, 0x86, 0x2D, 0xC7, 0xA2, 0x1C, 0x50, 0xA2,
  0x38, 0x2C, 0x07, 0x8B, 0xD1, 0x1D, 0xBB, 0xE8, 0x78, 0xA2, 0x61, 0xCA, 0x94, 0x1C, 0xCA, 0xB4,
  0x68, 0x49, 0xD4, 0x24, 0xD5, 0xB2, 0x21, 0x4B, 0x93, 0x28, 0x19, 0x86, 0x48, 0xCC, 0xB1, 0x0C,
  0x8B, 0xD5, 0x1C, 0xCB, 0xE8, 0xF8, 0x81, 0x30, 0x4D, 0xA2, 0x34, 0x1E, 0x0E, 0x69, 0x18, 0x0D,
  0x61, 0x16, 0x67, 0x51, 0x56, 0xCA, 0x92, 0x44, 0xA9, 0x18, 0x73, 0x2C, 0x8B, 0xDD, 0x1E, 0xCB,
  0xE8, 0xF8, 0x91, 0x4C, 0x1A, 0xC2, 0x3A, 0x96, 0x2D, 0xC3, 0x10, 0x85, 0x69, 0x98, 0x64, 0xC9,
  0xB0, 0x25, 0x61, 0x96, 0x84, 0x59, 0x32, 0xAC, 0x61, 0x02, 0x8B, 0xE2, 0x21, 0xCB, 0xE8, 0x38,
  0x73, 0x40, 0x19, 0x86, 0x28, 0x49, 0x73, 0x6C, 0x88, 0x86, 0x24, 0x6A, 0x89, 0xA2, 0x21, 0x89,
  0x5A, 0xA2, 0x68, 0x48, 0xA2, 0x96, 0x28, 0x07, 0x72, 0x28, 0x01, 0x8B, 0xE5, 0x1C, 0xCB, 0xE8,
  0x78, 0xE3, 0x64, 0x18, 0xE4, 0x1C, 0x4A, 0xB5, 0x28, 0x8B, 0x86, 0x30, 0x4D, 0xA2, 0x30, 0xCD,
  0xE2, 0x24, 0xCC, 0xA4, 0x2C, 0x54, 0x03, 0x8B, 0xE6, 0x1A, 0xCB, 0xE8, 0xF8, 0xA1, 0x48, 0x0D,
  0x93, 0x61, 0x47, 0xB2, 0x69, 0x08, 0xAB, 0x61, 0x3A, 0x9C, 0xC2, 0x34, 0x4C, 0xC3, 0x1C, 0xCB,
  0x00, 0x8B, 0xED, 0x1F, 0xCB, 0xE8, 0xF8, 0xA1, 0xCA, 0x30, 0x44, 0x59, 0x14, 0x0F, 0x8B, 0x94,
  0x65, 0xC3, 0x21, 0xC9, 0xB1, 0x68, 0x98, 0x8A, 0x51, 0x22, 0x46, 0xCA, 0xB0, 0x86, 0x09, 0x00,
  0x8B, 0xEF, 0x1E, 0xCB, 0xE8, 0xF8, 0xA1, 0x48, 0x19, 0xB6, 0x24, 0x8C, 0x07, 0x45, 0x1A, 0xA6,
  0x34, 0x4C, 0xA3, 0x24, 0x19, 0x06, 0x25, 0x14, 0x93, 0x28, 0x95, 0x32, 0x31, 0x0D, 0x8B, 0xF4,
  0x1B, 0xBB, 0xE8, 0xB8, 0xEA, 0x40, 0x96, 0x23, 0xC3, 0xB2, 0x84, 0x59, 0x12, 0x66, 0xC9, 0xB0,
  0x65, 0x6A, 0xA6, 0x46, 0x49, 0xD4, 0x34, 0xC6, 0x00, 0x8B, 0xF7, 0x21, 0xCB, 0xE8, 0xF8, 0x81,
  0x24, 0x8A, 0x86, 0x29, 0x1B, 0x74, 0x24, 0x53, 0x86, 0x41, 0xC9, 0x06, 0xA9, 0x18, 0x45, 0xC3,
  0x14, 0x0D, 0x53, 0x22, 0x46, 0x4A, 0x98, 0x66, 0x11, 0x00, 0x8B, 0xFB, 0x1D, 0xCB, 0xE8, 0xF8,
  0x81, 0x34, 0x1A, 0xB4, 0x30, 0xC7, 0xB2, 0x65, 0x18, 0xA2, 0x34, 0x89, 0x1A, 0x93, 0x61, 0x88,
  0xC2, 0x34, 0x4C, 0xB3, 0x28, 0x0E, 0x03, 0x8C, 0x03, 0x21, 0xCB, 0xE8, 0x78, 0x72, 0xA4, 0x34,
  0x0C, 0x61, 0x54, 0x1C, 0x94, 0xA9, 0x25, 0x1A, 0x86, 0x24, 0x4A, 0x93, 0x68, 0x50, 0x2A, 0x53,
  0x92, 0x28, 0x83, 0x92, 0xC5, 0x51, 0x9C, 0x00, 0x8C, 0x61, 0x1D, 0xCB, 0xE8, 0xF8, 0x86, 0x70,
  0xCA, 0x81, 0x43, 0x18, 0x15, 0x87, 0x21, 0xC9, 0xB6, 0x64, 0x1A, 0x52, 0x45, 0x94, 0x94, 0x54,
  0x89, 0x22, 0xAD, 0xA8, 0x02, 0x8D, 0x1D, 0x19, 0xC8, 0xEA, 0xB8, 0x93, 0x61, 0x48, 0xA2, 0x4A,
  0x54, 0x89, 0x2A, 0x51, 0x25, 0xAA, 0x44, 0x95, 0x34, 0x8B, 0xB2, 0x30, 0x89, 0x03, 0x8D, 0x1F,
  0x16, 0xC9, 0xE9, 0xF8, 0x72, 0x60, 0xD0, 0xC2, 0x28, 0x4C, 0xA2, 0x61, 0x88, 0xFA, 0x3F, 0x26,
  0x62, 0x25, 0x07, 0x02, 0x8D, 0x23, 0x1C, 0xCB, 0xE8, 0x78, 0x73, 0xE0, 0x90, 0x03, 0x39, 0x70,
  0x88, 0x86, 0x83, 0x8E, 0x84, 0xC3, 0xA0, 0xA5, 0x61, 0x54, 0x4C, 0xB2, 0x54, 0x19, 0xE3, 0x04,
  0x8D, 0x25, 0x20, 0xCB, 0xE8, 0x38, 0xA3, 0x70, 0x88, 0x42, 0x25, 0x1A, 0x12, 0xA5, 0x14, 0x29,
  0x61, 0xA4, 0x44, 0x49, 0xA4, 0x44, 0x49, 0xA4, 0x44, 0x62, 0x4B, 0x98, 0x45, 0xE1, 0x16, 0x03,
  0x8D, 0x2F, 0x1C, 0xCB, 0xE8, 0xF8, 0x91, 0x70, 0x18, 0xC2, 0xA8, 0x34, 0x1C, 0xA4, 0x61, 0xC8,
  0x29, 0xC3, 0x10, 0xA6, 0x61, 0x54, 0x8C, 0xAA, 0x92, 0x18, 0x27, 0x00, 0x8D, 0x39, 0x1C, 0xCB,
  0xE8, 0x38, 0xA3, 0x24, 0x1A, 0x4E, 0xC3, 0xA9, 0x71, 0x38, 0x64, 0x15, 0x65, 0x18, 0xA4, 0x24,
  0x0D, 0xA3, 0x62, 0x54, 0x55, 0xC6, 0x38, 0x01, 0x8D, 0x44, 0x1D, 0xCB, 0xE8, 0x78, 0xB2, 0x38,
  0x1B, 0xC4, 0x2C, 0x4A, 0xC4, 0x24, 0x91, 0xB3, 0x28, 0x94, 0x86, 0x21, 0x4C, 0xC3, 0xA8, 0x18,
  0x55, 0x95, 0x31, 0x4E, 0x00, 0x8D, 0x56, 0x20, 0xCB, 0xE8, 0xB8, 0xC2, 0x6C, 0x90, 0xB6, 0x52,
  0x34, 0x48, 0x49, 0xA2, 0x24, 0x83, 0xA2, 0x74, 0x99, 0x92, 0x52, 0x96, 0x54, 0x34, 0xA9, 0x98,
  0x66, 0x51, 0x16, 0x85, 0x01, 0x8D, 0x70, 0x1A, 0xCB, 0xE8, 0x78, 0x73, 0x2C, 0x1E, 0xCE, 0x39,
  0x96, 0x0E, 0x07, 0x35, 0x07, 0xA2, 0x1C, 0x88, 0x06, 0x4D, 0x89, 0x23, 0x35, 0x1D, 0x04, 0x8D,
  0x77, 0x1F, 0xCC, 0xE8, 0xF8, 0x72, 0x30, 0x1A, 0xB2, 0x41, 0x4B, 0x4B, 0xC3, 0x21, 0x8D, 0xE2,
  0x24, 0x8A, 0x93, 0x21, 0x8B, 0xA6, 0x2C, 0x4A, 0xB2, 0x21, 0xC9, 0xE4, 0x74, 0x18, 0x8D, 0x85,
  0x23, 0xCC, 0xE8, 0xF8, 0x72, 0x30, 0x19, 0xA6, 0x21, 0x2A, 0x66, 0x51, 0x32, 0x28, 0x89, 0x9A,
  0xE4, 0x40, 0x12, 0x0D, 0x52, 0x32, 0x64, 0xD1, 0x94, 0x45, 0x49, 0x34, 0x28, 0x99, 0x9C, 0x0E,
  0x03, 0x8D, 0x8A, 0x22, 0xCC, 0xE8, 0xF8, 0xC2, 0x38, 0x4C, 0xA2, 0x21, 0x19, 0xC4, 0x28, 0xC9,
  0x86, 0x21, 0x29, 0x46, 0x49, 0x29, 0x19, 0xA2, 0x2C, 0x89, 0x92, 0x69, 0x99, 0x2A, 0x71, 0x92,
  0xC9, 0xE9, 0x30, 0x8D, 0xB3, 0x1B, 0xBB, 0xE8, 0xB8, 0x86, 0x41, 0x8B, 0xB3, 0x38, 0x1B, 0x06,
  0x39, 0x07, 0xA2, 0x1C, 0x88, 0x06, 0x2D, 0xCA, 0x01, 0x25, 0x8E, 0xC6, 0x78, 0x08, 0x8D, 0xC3,
  0x1A, 0xCB, 0xE8, 0xF8, 0xA1, 0x68, 0x38, 0x35, 0x46, 0xC5, 0x2D, 0x8D, 0x86, 0x65, 0x0B, 0x35,
  0x51, 0xAA, 0x0D, 0x52, 0xB4, 0x84, 0x5A, 0x1C, 0x8D, 0xD1, 0x20, 0xBB, 0xE9, 0x38, 0x86, 0x24,
  0x8D, 0x92, 0x61, 0x88, 0x92, 0x50, 0x1A, 0x96, 0x41, 0x89, 0x92, 0xA8, 0xC5, 0x32, 0x24, 0x4A,
  0x14, 0x29, 0xA5, 0x34, 0x51, 0xC2, 0x83, 0x00, 0x8D, 0xDD, 0x21, 0xBB, 0xE8, 0x38, 0x86, 0x64,
  0x18, 0xA2, 0x24, 0x8D, 0x92, 0x74, 0x48, 0x06, 0x2D, 0xCA, 0x92, 0x52, 0x96, 0x24, 0xC3, 0xA0,
  0x94, 0xD2, 0x24, 0x51, 0x13, 0x25, 0xD5, 0x86, 0x01, 0x8D, 0xDF, 0x22, 0xBB, 0xE8, 0x38, 0x86,
  0x64, 0x50, 0xA2, 0x24, 0x4B, 0xA2, 0x64, 0x50, 0x86, 0x24, 0x2B, 0x65, 0x49, 0x69, 0x50, 0x92,
  0x21, 0x89, 0x94, 0x28, 0xE9, 0x22, 0x55, 0x4C, 0x89, 0x24, 0x06, 0x8D, 0xE8, 0x22, 0xCB, 0xE8,
  0xF8, 0x81, 0x6C, 0x48, 0x86, 0x21, 0xCA, 0x4A, 0x95, 0x68, 0x48, 0x06, 0x2D, 0x49, 0x95, 0x68,
  0x18, 0x92, 0x25, 0x4C, 0xB2, 0x21, 0x69, 0x4C, 0x12, 0x35, 0x51, 0x25, 0x00, 0x8D, 0xEF, 0x20,
  0xCC, 0xE8, 0xB8, 0xD3, 0x21, 0x1A, 0xA2, 0xBE, 0x28, 0xD9, 0x90, 0xC5, 0x59, 0x22, 0x25, 0x51,
  0xB8, 0x1C, 0xA2, 0x24, 0x8B, 0x2A, 0x4D, 0x15, 0xA9, 0x24, 0x0E, 0x11, 0x00, 0x8D, 0xF3, 0x21,
  0xCB, 0xE8, 0xB8, 0x93, 0x68, 0x88, 0x92, 0xA8, 0x25, 0x8A, 0x94, 0xCA, 0xA0, 0xD8, 0x2A, 0x51,
  0x12, 0x29, 0x4A, 0xB2, 0x54, 0x94, 0x2C, 0x49, 0x94, 0xA5, 0x34, 0x55, 0xB4, 0x50, 0x8E, 0x2A,
  0x1D, 0xCB, 0xE8, 0xF8, 0x81, 0x6C, 0x78, 0x52, 0x25, 0x75, 0x90, 0xC6, 0x1C, 0x29, 0x0D, 0x43,
  0xA2, 0x55, 0xA2, 0xA4, 0x53, 0x12, 0x29, 0x53, 0x34, 0x6A, 0x00, 0x8E, 0x66, 0x25, 0xCB, 0xE8,
  0xF8, 0x81, 0x70, 0x88, 0x2A, 0xC9, 0x30, 0x28, 0xE5, 0x44, 0x19, 0x86, 0x28, 0x49, 0xA4, 0xCA,
  0x30, 0x24, 0x4A, 0x22, 0x25, 0xCA, 0x30, 0x24, 0x43, 0x22, 0x4D, 0x89, 0x94, 0x25, 0x8B, 0x00,
  0x8E, 0xAB, 0x1B, 0xCC, 0xE8, 0x78, 0x73, 0x68, 0x98, 0xC3, 0x78, 0x98, 0xC3, 0x28, 0x1B, 0x96,
  0x30, 0x94, 0x86, 0x3B, 0xA2, 0xC4, 0x5A, 0xA8, 0xE6, 0x98, 0x06, 0x8F, 0x66, 0x1A, 0xCB, 0xE8,
  0x38, 0x73, 0xE0, 0x35, 0x87, 0x92, 0x1C, 0x88, 0xE2, 0x61, 0xD0, 0x81, 0x74, 0x38, 0xA8, 0x39,
  0x96, 0x63, 0x39, 0x96, 0x02, 0x8F, 0x6C, 0x20, 0xCB, 0xE8, 0xB8, 0xC2, 0x34, 0xCC, 0x86, 0x64,
  0x90, 0xD2, 0x30, 0x49, 0x86, 0x65, 0x48, 0x72, 0x20, 0xCA, 0x81, 0x68, 0x48, 0x94, 0x30, 0x8D,
  0x92, 0x34, 0x8B, 0xC3, 0x08, 0x8F, 0x6E, 0x1E, 0xCB, 0xE8, 0xB8, 0xC2, 0x34, 0xD3, 0x86, 0x48,
  0xCC, 0xA2, 0x4C, 0xCA, 0x86, 0x41, 0x8C, 0x1A, 0x95, 0x21, 0x9A, 0x72, 0x20, 0x0A, 0xA3, 0x6C,
  0x90, 0x72, 0x04, 0x8F, 0x6F, 0x1B, 0xCB, 0xE8, 0xB8, 0xC2, 0x34, 0xCC, 0x06, 0x69, 0x0A, 0xD3,
  0x24, 0x47, 0x86, 0x28, 0xCE, 0x62, 0x49, 0x1A, 0x32, 0x35, 0x2A, 0xA6, 0x5A, 0x1C, 0x8F, 0x74,
  0x21, 0xCB, 0xE8, 0xB8, 0xC2, 0x34, 0xCC, 0x06, 0x29, 0xCC, 0x86, 0x25, 0x4B, 0xA2, 0x64, 0x50,
  0xA2, 0x2C, 0x19, 0xB6, 0x25, 0x1A, 0x94, 0x52, 0x96, 0x94, 0xB2, 0x64, 0xD8, 0x72, 0x00, 0x8F,
  0x7D, 0x1C, 0xCB, 0xE8, 0xF8, 0x8A, 0x83, 0x12, 0x67, 0x49, 0x98, 0x65, 0xC3, 0x07, 0x25, 0x4C,
  0x93, 0x68, 0x88, 0xD4, 0x2C, 0x5E, 0xB2, 0x21, 0xCE, 0xE2, 0x00, 0x8F, 0x83, 0x1B, 0xCB, 0xE8,
  0xB8, 0xC2, 0x34, 0xCC, 0x86, 0x83, 0x92, 0x63, 0xF2, 0x30, 0xA4, 0x51, 0x16, 0x65, 0x93, 0x34,
  0x8A, 0x69, 0x18, 0x4B, 0x39, 0x10, 0x8F, 0x85, 0x22, 0xCB, 0xE8, 0xB8, 0xC2, 0x24, 0xCB, 0x86,
  0x43, 0x14, 0xA6, 0x51, 0x52, 0x19, 0x96, 0x41, 0x89, 0xB2, 0x64, 0xD8, 0x96, 0x68, 0x50, 0x86,
  0x2D, 0x29, 0x65, 0x49, 0x29, 0x4B, 0x32, 0x01, 0x8F, 0x91, 0x23, 0xCB, 0xE8, 0xB8, 0xE2, 0x2C,
  0x1A, 0x94, 0x21, 0xC9, 0xA2, 0x6C, 0x90, 0x92, 0x64, 0x58, 0x06, 0x2D, 0x4C, 0x06, 0x71, 0x18,
  0x92, 0x21, 0xC9, 0xC2, 0x24, 0x0B, 0x87, 0x41, 0x4B, 0x13, 0x00, 0x8F, 0x93, 0x22, 0xCB, 0xE8,
  0x78, 0xD2, 0x30, 0xD4, 0x86, 0x24, 0xCA, 0xA2, 0x50, 0x09, 0xA7, 0x24, 0x12, 0x07, 0x49, 0x89,
  0x92, 0x41, 0x19, 0x92, 0x41, 0x89, 0x92, 0x48, 0x89, 0x92, 0xA8, 0x25, 0x31, 0x8F, 0xB9, 0x19,
  0xBB, 0xF8, 0xB8, 0x6B, 0x71, 0x16, 0xA5, 0xC3, 0xB2, 0x45, 0x59, 0x29, 0x8B, 0xB2, 0x52, 0x56,
  0x0D, 0x73, 0x28, 0x19, 0x06, 0x01, 0x8F, 0xBE, 0x1C, 0xBB, 0xF8, 0xB8, 0xD3, 0x30, 0x0D, 0x73,
  0x2C, 0x4A, 0x94, 0x61, 0x88, 0xB2, 0x38, 0x4B, 0xC2, 0x28, 0x2B, 0x65, 0x52, 0x92, 0x26, 0xD1,
  0x30, 0x08, 0x8F, 0xC1, 0x19, 0xBB, 0xE9, 0x78, 0x62, 0x2D, 0x19, 0xB2, 0x38, 0x4C, 0xE3, 0xE1,
  0x20, 0xA6, 0x61, 0x1A, 0xA6, 0x61, 0x28, 0x66, 0xD1, 0x30, 0x08, 0x8F, 0xC7, 0x1A, 0xBB, 0xF8,
  0xF8, 0x91, 0x2C, 0x0E, 0x93, 0x61, 0x87, 0xA2, 0x35, 0xCC, 0x92, 0x30, 0x4B, 0xC2, 0x34, 0x4C,
  0xC3, 0x1C, 0x4A, 0x86, 0x41, 0x8F, 0xD0, 0x19, 0xBB, 0xF8, 0xF8, 0x91, 0x4C, 0x1A, 0xC2, 0x9C,
  0x96, 0x1C, 0xB6, 0x72, 0x94, 0x03, 0x51, 0x31, 0x19, 0xB6, 0x38, 0x4A, 0x86, 0x41, 0x8F, 0xD1,
  0x1C, 0xCC, 0xE8, 0xF8, 0x21, 0x29, 0x1B, 0xD2, 0x28, 0x07, 0x73, 0x70, 0x58, 0xA6, 0x6A, 0x54,
  0x8D, 0xAA, 0x49, 0x96, 0x8A, 0x15, 0x1D, 0x08, 0x87, 0x21, 0x8F, 0xD4, 0x1F, 0xCC, 0xE8, 0x38,
  0x87, 0x21, 0xAA, 0x43, 0x49, 0x0E, 0x0E, 0x73, 0x18, 0x2D, 0xA5, 0x30, 0x89, 0x54, 0x4D, 0x95,
  0x8A, 0x89, 0x18, 0x25, 0x3A, 0x10, 0x0E, 0x43, 0x00, 0x8F, 0xD8, 0x1A, 0xAB, 0xF8, 0x78, 0x92,
  0x61, 0x50, 0xD2, 0x9C, 0x20, 0xA6, 0x99, 0x1A, 0x25, 0x89, 0x94, 0x44, 0x91, 0x12, 0xA6, 0x61,
  0x69, 0x18, 0x04, 0x8F, 0xD9, 0x18, 0xBB, 0xF8, 0xB8, 0x53, 0x31, 0x4D, 0x86, 0x1D, 0x8A, 0xA6,
  0x62, 0xA6, 0x86, 0x69, 0xA6, 0x46, 0xC5, 0x34, 0x4B, 0x86, 0x41, 0x8F, 0xDB, 0x1C, 0xBB, 0xF8,
  0x38, 0xA3, 0x30, 0x2A, 0x26, 0xC3, 0x90, 0x46, 0x99, 0x54, 0x8C, 0x2A, 0x51, 0x32, 0x0C, 0x51,
  0x63, 0x54, 0x4C, 0xB3, 0x68, 0x18, 0x04, 0x8F, 0xDC, 0x1C, 0xBB, 0xF8, 0xF8, 0x91, 0x4C, 0x1A,
  0xC2, 0x9C, 0x96, 0x1C, 0xB6, 0x28, 0x49, 0xA3, 0x24, 0x8D, 0x92, 0xA8, 0x92, 0x4D, 0x39, 0x94,
  0x0C, 0x83, 0x00, 0x8F, 0xDE, 0x1C, 0xBB, 0xF8, 0xB8, 0xD3, 0x64, 0x18, 0xA2, 0x2C, 0xC7, 0x92,
  0x4C, 0x1A, 0xB4, 0x34, 0x4C, 0xC3, 0x64, 0x18, 0xA2, 0x34, 0x4C, 0xB3, 0x68, 0x18, 0x04, 0x8F,
  0xDF, 0x1C, 0xBB, 0xF8, 0xF8, 0xA1, 0xD2, 0x30, 0x15, 0xD3, 0x30, 0x91, 0x86, 0xA9, 0x92, 0x46,
  0x49, 0x1A, 0x15, 0xA3, 0x4C, 0x4A, 0x72, 0x20, 0x1A, 0x06, 0x01, 0x8F, 0xF0, 0x1E, 0xCC, 0xE8,
  0xB8, 0x93, 0xB0, 0x14, 0x66, 0x39, 0x32, 0x0C, 0x39, 0x92, 0x2E, 0xAD, 0x49, 0x29, 0x4C, 0x4A,
  0xA1, 0x54, 0xCC, 0xE2, 0x44, 0x07, 0xC2, 0x61, 0x08, 0x8F, 0xFD, 0x1D, 0xCC, 0xE8, 0xB8, 0x6B,
  0x39, 0x92, 0x0C, 0x73, 0x18, 0x0F, 0xD3, 0x92, 0x43, 0xC9, 0x30, 0x26, 0x61, 0x25, 0xAC, 0x0C,
  0x5B, 0xA2, 0x03, 0xE1, 0x30, 0x04, 0x90, 0x00, 0x20, 0xCC, 0xE8, 0x78, 0x07, 0xAD, 0x31, 0x1A,
  0x74, 0x20, 0xCB, 0x81, 0x41, 0x9A, 0x92, 0x28, 0x8B, 0x92, 0x62, 0x54, 0x8D, 0xB2, 0x30, 0xD9,
  0xA2, 0x44, 0x07, 0xC2, 0x61, 0x08, 0x90, 0x01, 0x1F, 0xCC, 0xE8, 0x78, 0xB3, 0x62, 0x14, 0x66,
  0x49, 0x0E, 0x1C, 0x72, 0x24, 0x1C, 0xE3, 0x64, 0x18, 0xB2, 0x50, 0xCD, 0xA2, 0x30, 0x11, 0xA3,
  0x44, 0x07, 0xC2, 0x61, 0x08, 0x90, 0x02, 0x1A, 0xBA, 0xFA, 0x78, 0x92, 0x61, 0x07, 0xC2, 0x64,
  0x18, 0xE2, 0x1C, 0xCA, 0x86, 0x43, 0xA4, 0x46, 0x6A, 0x34, 0x0C, 0x4A, 0x39, 0x1B, 0x06, 0x90,
  0x09, 0x1E, 0xCB, 0xE8, 0xF8, 0x81, 0x50, 0x89, 0xD2, 0x64, 0x58, 0xA3, 0x6C, 0x19, 0x86, 0x28,
  0x53, 0x33, 0x35, 0x4C, 0xA3, 0x24, 0xAA, 0x64, 0x4B, 0xA2, 0x86, 0xC3, 0x10, 0x90, 0x0F, 0x1F,
  0xCC, 0xE8, 0x38, 0x07, 0xB1, 0x0E, 0x1C, 0x74, 0x60, 0x47, 0xDA, 0x86, 0x28, 0xD2, 0x92, 0x41,
  0xCD, 0x12, 0x31, 0x8B, 0xC2, 0x28, 0xD2, 0x12, 0x1D, 0x08, 0x87, 0x21, 0x90, 0x10, 0x1D, 0xBC,
  0xE8, 0x78, 0xA2, 0x61, 0xC8, 0xC2, 0x1C, 0x9A, 0xD2, 0xE8, 0x96, 0xA4, 0x89, 0x32, 0x66, 0x49,
  0x2D, 0x91, 0x1A, 0xD3, 0x44, 0x07, 0xC2, 0x61, 0x08, 0x90, 0x12, 0x20, 0xCB, 0xE8, 0x38, 0xB3,
  0xCA, 0x30, 0x44, 0x61, 0x94, 0x03, 0x51, 0xA2, 0x0C, 0x5B, 0x12, 0xB5, 0x0C, 0x43, 0x94, 0x49,
  0x2D, 0x51, 0x25, 0x4A, 0xA2, 0x34, 0x0B, 0x87, 0x21, 0x90, 0x1A, 0x22, 0xCC, 0xE8, 0x38, 0x87,
  0xAD, 0x94, 0x66, 0x3A, 0x32, 0x0C, 0x69, 0x54, 0x39, 0x0C, 0x59, 0x12, 0xD5, 0x92, 0x61, 0xC8,
  0x92, 0xA8, 0x96, 0x44, 0x89, 0x94, 0xE8, 0x40, 0x38, 0x0C, 0x01, 0x90, 0x1F, 0x20, 0xCC, 0xE8,
  0xF8, 0x81, 0x34, 0x1A, 0x86, 0x2C, 0xCC, 0x91, 0x61, 0x48, 0xA3, 0xCA, 0x61, 0xC8, 0xB2, 0x35,
  0x4A, 0x8A, 0x49, 0x54, 0x0B, 0xD3, 0x44, 0x07, 0xC2, 0x61, 0x08, 0x90, 0x3B, 0x1B, 0xBB, 0xF8,
  0xF8, 0xB1, 0x24, 0x19, 0x06, 0xA5, 0x53, 0x36, 0x1C, 0x72, 0x2C, 0x1B, 0xA4, 0x62, 0x14, 0x67,
  0xA1, 0x18, 0xA9, 0xD1, 0x30, 0x08, 0x90, 0x47, 0x22, 0xCC, 0xE8, 0x38, 0x87, 0x2D, 0x4A, 0xA2,
  0x30, 0x19, 0xE6, 0x24, 0x8A, 0x87, 0x69, 0xCB, 0x81, 0x64, 0x18, 0xB2, 0xA4, 0x5B, 0x32, 0x28,
  0x59, 0x92, 0x4D, 0x89, 0x0E, 0x84, 0xC3, 0x10, 0x90, 0x4D, 0x20, 0xCC, 0xE8, 0x38, 0x87, 0x2D,
  0x47, 0x93, 0x61, 0x0E, 0xE3, 0x61, 0x5A, 0x72, 0x28, 0x19, 0x86, 0x6C, 0x69, 0x4B, 0x86, 0x21,
  0x4B, 0x3A, 0x25, 0xA2, 0x12, 0x0E, 0x43, 0x00, 0x90, 0x53, 0x1E, 0xCC, 0xE8, 0x78, 0xA3, 0x30,
  0x19, 0x06, 0xAD, 0x8E, 0x0D, 0x3A, 0x90, 0x45, 0x07, 0x31, 0xCA, 0xC2, 0x68, 0x10, 0xA3, 0x2C,
  0x54, 0x06, 0x2D, 0x92, 0xD3, 0x61, 0x90, 0x6E, 0x24, 0xCC, 0xE8, 0xF8, 0x91, 0x30, 0x1A, 0x06,
  0x29, 0x89, 0x92, 0x38, 0x19, 0xD4, 0x28, 0x89, 0x96, 0x28, 0x09, 0x93, 0x68, 0x4C, 0x72, 0x48,
  0x4A, 0x6A, 0x51, 0x25, 0x4A, 0x74, 0x20, 0x1C, 0x86, 0x00, 0x90, 0x75, 0x20, 0xCC, 0xE8, 0x38,
  0xB3, 0x30, 0x19, 0x06, 0x2D, 0x4A, 0x72, 0xE0, 0x90, 0x26, 0x4D, 0xC3, 0x21, 0x4C, 0xD3, 0xE1,
  0x16, 0x55, 0xB3, 0x24, 0x4C, 0x24, 0x2D, 0x1C, 0x86, 0x00, 0x90, 0x7F, 0x20, 0xCC, 0xE8, 0x38,
  0xA7, 0x2C, 0x4A, 0x86, 0x29, 0xE9, 0xBA, 0x54, 0xA3, 0x61, 0x50, 0xA6, 0x30, 0x29, 0x85, 0xCB,
  0x30, 0x25, 0x53, 0x18, 0x67, 0x89, 0x0E, 0x84, 0xC3, 0x10, 0x90, 0xE8, 0x24, 0xCB, 0xE8, 0xF8,
  0xB2, 0x65, 0x18, 0x94, 0x28, 0x4B, 0x6A, 0x51, 0x22, 0x26, 0x51, 0x92, 0x0C, 0x83, 0x94, 0x03,
  0x51, 0x32, 0x28, 0x51, 0x92, 0x25, 0x53, 0x96, 0x84, 0x83, 0x92, 0x63, 0x19, 0x00, 0x90, 0xFD,
  0x21, 0xCB, 0xE8, 0xF8, 0x72, 0x64, 0x50, 0xC6, 0xA4, 0x51, 0x4A, 0x92, 0xE1, 0x9A, 0x25, 0xD9,
  0x90, 0x44, 0x89, 0x94, 0x44, 0xCA, 0x90, 0x44, 0x2D, 0x5B, 0x94, 0xA4, 0x43, 0x92, 0x01, 0x91,
  0x4D, 0x20, 0xBB, 0xE8, 0x38, 0x06, 0x65, 0x88, 0x92, 0x34, 0x4A, 0xD2, 0x64, 0x10, 0x93, 0x96,
  0x21, 0xE9, 0xA8, 0x28, 0x61, 0x96, 0x84, 0x83, 0x92, 0x69, 0x49, 0x36, 0x4C, 0x43, 0x00, 0x91,
  0x92, 0x1F, 0xBB, 0xE8, 0x38, 0x06, 0x65, 0x50, 0x4A, 0x59, 0x52, 0x1A, 0x0E, 0x49, 0xA6, 0x54,
  0x86, 0xA5, 0x93, 0xA2, 0x0C, 0x9B, 0x14, 0x0D, 0xCA, 0x90, 0x64, 0xA5, 0xE1, 0x20, 0x91, 0xC7,
  0x1B, 0xCB, 0xE8, 0xF8, 0x01, 0x6D, 0x98, 0xD2, 0x30, 0x8B, 0xAA, 0x59, 0x8E, 0xA4, 0xC3, 0x41,
  0xDC, 0x81, 0xA4, 0x1A, 0x95, 0xB4, 0x4C, 0x4D, 0x01, 0x91, 0xCA, 0x1D, 0xBB, 0xE8, 0x38, 0xB6,
  0x21, 0x4B, 0x43, 0x2D, 0x1B, 0x94, 0x48, 0x4A, 0xC4, 0x44, 0x0C, 0xA7, 0x21, 0x12, 0xB3, 0x24,
  0x1A, 0xA6, 0x30, 0x0D, 0x33, 0x00, 0x91, 0xCC, 0x19, 0xBA, 0xE9, 0x78, 0x86, 0x41, 0xAA, 0x45,
  0xC3, 0x20, 0xD5, 0xA2, 0x5A, 0x34, 0x0C, 0x6A, 0x3C, 0x0C, 0x6A, 0x0E, 0xA5, 0xC3, 0x21, 0x91,
  0xCD, 0x1A, 0xCB, 0xE8, 0xF8, 0x01, 0x71, 0xD0, 0xA1, 0x74, 0x38, 0x48, 0x8D, 0xC3, 0x10, 0x46,
  0xC5, 0x61, 0xC8, 0x81, 0x78, 0x38, 0xA7, 0xC3, 0x41, 0x91, 0xCE, 0x1D, 0xBB, 0xE8, 0x38, 0x1E,
  0x92, 0x8A, 0x14, 0x0D, 0x8A, 0x96, 0x94, 0xB2, 0x24, 0x19, 0x9E, 0x92, 0x2C, 0x94, 0x06, 0x29,
  0x0D, 0xD3, 0x29, 0xDB, 0x34, 0x00, 0x91, 0xCF, 0x1D, 0xCB, 0xE8, 0xB8, 0x86, 0x21, 0x4C, 0xC3,
  0x61, 0x08, 0xD3, 0x68, 0x38, 0x48, 0xC3, 0x10, 0x46, 0xC5, 0x61, 0x08, 0xA3, 0xDA, 0x70, 0x4E,
  0x87, 0x83, 0x00, 0x91, 0xD1, 0x1B, 0xCB, 0xE8, 0x78, 0x73, 0x2C, 0x87, 0x92, 0x1C, 0xC8, 0xD2,
  0x61, 0x88, 0xB4, 0x4C, 0x8D, 0x87, 0x73, 0x0E, 0x44, 0xD5, 0xA4, 0x36, 0x1C, 0x04, 0x94, 0x88,
  0x1A, 0xCB, 0xE8, 0xB8, 0xC2, 0x34, 0x4C, 0xA7, 0x30, 0x0D, 0xA7, 0x61, 0x09, 0xD3, 0x30, 0x1B,
  0xA4, 0x34, 0x4C, 0xC3, 0x34, 0xCC, 0xB1, 0x0C, 0x94, 0x9F, 0x1D, 0xCB, 0xE8, 0xB8, 0xC2, 0x34,
  0x4C, 0xB5, 0x30, 0x1B, 0x96, 0xA5, 0xA4, 0x44, 0x49, 0xD4, 0x12, 0x0D, 0xCA, 0x30, 0x85, 0x69,
  0x98, 0x86, 0x39, 0x96, 0x01, 0x94, 0xA9, 0x1E, 0xCB, 0xE8, 0xB8, 0xB2, 0x38, 0x8B, 0xA5, 0x41,
  0xC9, 0xC2, 0x64, 0x48, 0x95, 0x30, 0xAA, 0x55, 0xA6, 0x25, 0x4A, 0x93, 0x28, 0x07, 0xA2, 0x38,
  0x87, 0x22, 0x00, 0x94, 0xAE, 0x1E, 0xBB, 0xF8, 0x78, 0x72, 0x20, 0x1A, 0x4E, 0x59, 0x25, 0xCC,
  0x22, 0x29, 0x8B, 0xA2, 0x61, 0x19, 0x92, 0x2C, 0xCA, 0x4A, 0x49, 0x2D, 0x92, 0xB2, 0x70, 0x18,
  0x04, 0x94, 0xB3, 0x1E, 0xCB, 0xE8, 0xB8, 0xB2, 0x28, 0x2B, 0x65, 0x52, 0xDB, 0x70, 0x88, 0x6A,
  0xA5, 0xAC, 0x94, 0x0C, 0xD1, 0x90, 0x95, 0xB2, 0x52, 0x96, 0x0D, 0x39, 0x10, 0x25, 0x00, 0x94,
  0xFE, 0x1E, 0xBB, 0xF8, 0x78, 0xE2, 0x6C, 0x48, 0x06, 0x25, 0x2A, 0xC6, 0xD1, 0xA0, 0x0C, 0x4A,
  0x94, 0x45, 0x83, 0x56, 0x1A, 0x86, 0x24, 0xD1, 0x32, 0x25, 0x4B, 0xA3, 0x41, 0x95, 0x00, 0x1D,
  0xCB, 0xE8, 0xB8, 0xC2, 0x34, 0x4C, 0x32, 0x2D, 0xCC, 0x86, 0x43, 0x12, 0x46, 0xD1, 0x30, 0x15,
  0x07, 0x65, 0x98, 0x8A, 0x51, 0x31, 0x2A, 0xA6, 0x59, 0x02, 0x95, 0x01, 0x1D, 0xCB, 0xE8, 0xB8,
  0xC2, 0x34, 0x8C, 0x22, 0x4B, 0x94, 0x46, 0xC9, 0x61, 0x48, 0xA2, 0x30, 0xAA, 0x44, 0xC9, 0x52,
  0x6A, 0x89, 0x8A, 0x69, 0x16, 0xA5, 0x05, 0x95, 0x19, 0x1F, 0xCB, 0xE8, 0xB8, 0xB2, 0x24, 0xCC,
  0x92, 0x70, 0x18, 0xA4, 0x30, 0xC9, 0x86, 0x83, 0x12, 0x67, 0xD1, 0x20, 0x2D, 0x59, 0x69, 0xD0,
  0xA2, 0xAC, 0x34, 0xC8, 0x59, 0x02, 0x95, 0x1A, 0x21, 0xCB, 0xE8, 0x78, 0xB2, 0x28, 0x93, 0x6A,
  0xD1, 0x30, 0x24, 0x59, 0x14, 0x0D, 0x07, 0x25, 0x2A, 0x0D, 0x53, 0x25, 0x1A, 0x86, 0x24, 0x6A,
  0x49, 0xA4, 0x8A, 0x32, 0x0C, 0x61, 0x1A, 0x95, 0x2E, 0x23, 0xCB, 0xE8, 0x78, 0xE2, 0x6C, 0x50,
  0xA6, 0x2C, 0x4A, 0xB4, 0x64, 0x50, 0x86, 0x68, 0x48, 0x22, 0x29, 0x1A, 0x92, 0x64, 0xCA, 0xA2,
  0x2C, 0x4A, 0x06, 0x25, 0xD1, 0xB2, 0x31, 0xC9, 0x81, 0x21, 0x95, 0x7F, 0x1A, 0xCB, 0xE8, 0xF8,
  0x72, 0x2C, 0x4C, 0xB3, 0x38, 0xCA, 0x81, 0x1C, 0x78, 0xD0, 0x92, 0x1C, 0xC9, 0xB1, 0x1C, 0xCB,
  0xB1, 0x2D, 0xCC, 0x01, 0x95, 0xE8, 0x1A, 0xCA, 0xE9, 0xF8, 0xA1, 0xCA, 0x30, 0xE4, 0x88, 0x8E,
  0xE8, 0x88, 0x8E, 0xE8, 0x88, 0x8E, 0xE8, 0x88, 0x8E, 0xE8, 0x88, 0x0E, 0x24, 0x00, 0x95, 0xEA,
  0x1B, 0xCA, 0xE9, 0xF8, 0xA1, 0xCA, 0xB0, 0x43, 0x5A, 0xA8, 0x85, 0x5A, 0x28, 0x25, 0x99, 0x54,
  0x52, 0xB2, 0x48, 0x47, 0x74, 0x44, 0x07, 0x12, 0x00, 0x95, 0xED, 0x1B, 0xCA, 0xE9, 0xF8, 0xA1,
  0xCA, 0xB0, 0x66, 0xA2, 0xA4, 0x0C, 0x8B, 0x66, 0x4A, 0x32, 0x25, 0xCA, 0xB6, 0x4C, 0xCC, 0xB4,
  0x50, 0x07, 0x12, 0x00, 0x95, 0xEE, 0x1D, 0xCA, 0xE9, 0xF8, 0xA1, 0xCA, 0xB0, 0x43, 0x6A, 0xA4,
  0x0C, 0x8B, 0x92, 0x45, 0x4A, 0x16, 0x29, 0x59, 0xA4, 0x0C, 0x92, 0x12, 0xEB, 0x88, 0x0E, 0x24,
  0x00, 0x95, 0xF2, 0x1C, 0xCA, 0xE9, 0xF8, 0xA1, 0xCA, 0x30, 0x64, 0xA1, 0x16, 0x2A, 0xC3, 0xA2,
  0x85, 0xD2, 0xA6, 0x54, 0x94, 0xA9, 0xA2, 0x85, 0x3A, 0xA2, 0x03, 0x09, 0x00, 0x95, 0xF4, 0x1E,
  0xCA, 0xE9, 0xF8, 0xA1, 0xCA, 0xB0, 0x43, 0xCA, 0xB0, 0x28, 0x59, 0xA4, 0x64, 0x91, 0x32, 0x48,
  0x4A, 0x16, 0x29, 0x59, 0xA4, 0x0C, 0x92, 0x9C, 0xE8, 0x40, 0x02, 0x96, 0x08, 0x1D, 0xCA, 0xE9,
  0xF8, 0xA1, 0x6C, 0x18, 0xC4, 0x24, 0x19, 0x5E, 0x94, 0x6C, 0x69, 0x59, 0x22, 0x65, 0x90, 0x22,
  0x55, 0x19, 0x94, 0x8A, 0x16, 0xEA, 0x80, 0x00, 0x96, 0x1F, 0x1B, 0xCA, 0xE9, 0xB8, 0xB3, 0x21,
  0xCA, 0x92, 0xAC, 0x92, 0x55, 0xB3, 0x24, 0x2B, 0x25, 0x5A, 0x94, 0x68, 0x49, 0x29, 0x92, 0x3A,
  0x2E, 0x71, 0x00, 0x96, 0x32, 0x1F, 0xCB, 0xE8, 0xB8, 0xC3, 0x2D, 0x4C, 0x86, 0x43, 0x92, 0x85,
  0x62, 0x25, 0x1B, 0x92, 0xA8, 0x25, 0x4A, 0xB2, 0x64, 0xCA, 0x92, 0x2C, 0x4C, 0xA2, 0x34, 0x29,
  0x4A, 0x00, 0x96, 0x34, 0x1C, 0xBB, 0xE9, 0x38, 0x86, 0x68, 0x98, 0x6A, 0x52, 0x4D, 0xC9, 0x86,
  0x41, 0xCB, 0xA4, 0x9A, 0x14, 0x0D, 0x53, 0x6D, 0x88, 0x42, 0x31, 0xD4, 0xB2, 0x01, 0x96, 0x36,
  0x18, 0xCA, 0xE9, 0xB8, 0xB3, 0x49, 0x73, 0x2A, 0x29, 0xDA, 0x52, 0xAA, 0x94, 0x2A, 0xA5, 0x48,
  0x6A, 0x8B, 0x6A, 0x51, 0x5B, 0x04, 0x96, 0x3B, 0x22, 0xBB, 0xE8, 0x38, 0xA6, 0x41, 0x29, 0x65,
  0x49, 0x29, 0x4B, 0xB4, 0x41, 0x29, 0x65, 0x49, 0x94, 0x64, 0x49, 0x94, 0x0C, 0x4A, 0x94, 0x64,
  0xC9, 0x94, 0x25, 0x61, 0x96, 0x64, 0xC3, 0x10, 0x96, 0x44, 0x21, 0xCB, 0xE8, 0x78, 0xB3, 0x64,
  0xCA, 0x92, 0x52, 0x96, 0xB4, 0x0C, 0x43, 0x14, 0x26, 0xC9, 0x12, 0x25, 0x4D, 0x49, 0xA7, 0xA4,
  0x63, 0x22, 0x85, 0x49, 0x16, 0x26, 0x59, 0xA6, 0x00, 0x96, 0x45, 0x1D, 0xCA, 0xE9, 0xF8, 0x91,
  0x64, 0x48, 0x86, 0xA4, 0x0E, 0x24, 0x39, 0x90, 0x0D, 0x43, 0x92, 0x95, 0x6A, 0x51, 0xA2, 0xF4,
  0x34, 0x66, 0x69, 0x96, 0x66, 0x00, 0x96, 0x4D, 0x23, 0xCC, 0xE8, 0xB8, 0xD3, 0x6D, 0x88, 0x92,
  0x48, 0xAA, 0x94, 0x34, 0x51, 0x89, 0x92, 0x44, 0x4A, 0xA6, 0x30, 0x8B, 0x92, 0x41, 0xAA, 0x44,
  0xD9, 0x32, 0x0C, 0x49, 0x0E, 0x64, 0x39, 0x90, 0x01, 0x96, 0x50, 0x21, 0xBB, 0xE8, 0x38, 0x96,
  0x41, 0x4A, 0x6A, 0x51, 0x92, 0x0C, 0x92, 0x94, 0x45, 0x49, 0x2D, 0x8A, 0x86, 0x29, 0x52, 0xA2,
  0x64, 0x89, 0xA4, 0x2C, 0x29, 0x65, 0x5A, 0x92, 0xC8, 0x01, 0x96, 0x64, 0x1D, 0xCB, 0xE8, 0xB8,
  0xC3, 0x4D, 0x4B, 0xA2, 0x96, 0x62, 0xA2, 0x0C, 0x8B, 0x92, 0x85, 0xD1, 0x70, 0x2A, 0x2E, 0x4D,
  0x59, 0x12, 0x25, 0x51, 0x4D, 0x14, 0x01, 0x96, 0x8F, 0x23, 0xCB, 0xE8, 0xB8, 0xC3, 0x69, 0x50,
  0x12, 0x29, 0x4C, 0x2A, 0x43, 0x22, 0x46, 0x49, 0x32, 0x0C, 0x4A, 0x65, 0x4A, 0x5A, 0x86, 0x64,
  0x29, 0x25, 0x59, 0x92, 0x28, 0x51, 0x92, 0x26, 0xD9, 0x20, 0x96, 0x90, 0x1E, 0xCA, 0xE9, 0x78,
  0xC3, 0x69, 0x92, 0x4A, 0x4A, 0x14, 0x2D, 0xC3, 0xA0, 0x24, 0xC3, 0x90, 0xC4, 0x4A, 0x32, 0x0C,
  0x5A, 0x18, 0xD5, 0x12, 0x71, 0x1B, 0x14, 0x00, 0x96, 0x94, 0x22, 0xCB, 0xE8, 0x38, 0x96, 0x61,
  0x50, 0x72, 0xA4, 0x32, 0x2C, 0x52, 0x98, 0x54, 0x86, 0xA5, 0x8E, 0x54, 0x86, 0x41, 0xE9, 0x32,
  0x24, 0xD2, 0x90, 0x25, 0x8B, 0x16, 0x45, 0x5A, 0x94, 0x08, 0x96, 0xC0, 0x1A, 0xCB, 0xE8, 0x78,
  0x73, 0xA4, 0x35, 0x2A, 0x59, 0x12, 0x55, 0x07, 0xA4, 0x6C, 0x38, 0x48, 0x59, 0x3C, 0x0C, 0x5A,
  0x39, 0x8B, 0x87, 0x03, 0x96, 0xC6, 0x1D, 0xCB, 0xE8, 0xB8, 0xB2, 0x78, 0x18, 0x24, 0x29, 0x4D,
  0x86, 0x21, 0x8C, 0x72, 0xE0, 0x10, 0x46, 0xE9, 0x70, 0x10, 0x67, 0x25, 0x91, 0xB4, 0x4C, 0x4D,
  0x01, 0x96, 0xF6, 0x1E, 0xCB, 0xE8, 0x78, 0x86, 0x73, 0x3A, 0x3C, 0x86, 0x8A, 0x92, 0x28, 0x61,
  0x12, 0x0F, 0x43, 0xA4, 0x03, 0xCA, 0x30, 0xE8, 0x40, 0x94, 0x03, 0x89, 0x0E, 0xA4, 0x00, 0x97,
  0x00, 0x1C, 0xCB, 0xE8, 0x78, 0x86, 0x73, 0x3A, 0x3C, 0x86, 0x8A, 0x92, 0x28, 0x39, 0x38, 0x1C,
  0xB4, 0x1C, 0x19, 0x4E, 0x95, 0xA8, 0x25, 0x6A, 0x49, 0x14, 0x00, 0x97, 0x32, 0x22, 0xCB, 0xE8,
  0x78, 0x86, 0x73, 0x3A, 0xBC, 0x44, 0x49, 0x24, 0x25, 0x51, 0x92, 0x0C, 0xD1, 0x54, 0x89, 0xA2,
  0x41, 0x11, 0x97, 0x28, 0x29, 0x0D, 0x43, 0xB2, 0x44, 0x89, 0x38, 0x24, 0x00, 0x97, 0x59, 0x23,
  0xCC, 0xE8, 0xB8, 0xC2, 0x69, 0x90, 0x92, 0x30, 0x4B, 0xC2, 0xE1, 0x90, 0xA5, 0x49, 0x32, 0xBC,
  0x44, 0x59, 0x12, 0x0D, 0x59, 0x12, 0x55, 0x06, 0x69, 0xC8, 0xC2, 0x28, 0x0B, 0x13, 0x49, 0x03,
  0x97, 0x5E, 0x20, 0xCB, 0xE8, 0xF8, 0xA2, 0x1C, 0x88, 0xC2, 0x21, 0x1A, 0xB4, 0x28, 0x07, 0xA2,
  0x70, 0x88, 0x86, 0x30, 0xCA, 0x81, 0x28, 0x1C, 0xA2, 0x41, 0x8B, 0xE2, 0x2C, 0x0D, 0x43, 0x00,
  0x97, 0x60, 0x1D, 0xCB, 0xE8, 0xB8, 0xEA, 0xC0, 0x21, 0xAB, 0x0E, 0x07, 0x29, 0x0D, 0x87, 0x21,
  0x4E, 0xC2, 0x41, 0x19, 0xC4, 0x24, 0x1C, 0x94, 0x41, 0x8B, 0x52, 0x2D, 0x04, 0x97, 0x62, 0x1C,
  0xBB, 0xE8, 0x38, 0x1E, 0xD4, 0x1C, 0xCA, 0x81, 0x87, 0x24, 0x6A, 0x89, 0x86, 0x28, 0x89, 0x5A,
  0xA2, 0x21, 0x4A, 0xA2, 0x96, 0xA8, 0x65, 0x38, 0x04, 0x98, 0x75, 0x1A, 0xCB, 0xE8, 0xF8, 0xB1,
  0xE1, 0x31, 0x0B, 0x87, 0x41, 0x4B, 0xC3, 0xA8, 0x18, 0x15, 0xA3, 0x62, 0x54, 0x4C, 0x5A, 0x33,
  0x31, 0x4E, 0x00, 0x98, 0x76, 0x1A, 0xCB, 0xE8, 0xF8, 0xB1, 0xE1, 0x29, 0x4C, 0xA3, 0x61, 0x2A,
  0x46, 0x95, 0xA8, 0x25, 0x6A, 0x89, 0x5A, 0xA2, 0x62, 0xA8, 0x45, 0x71, 0x18, 0x98, 0x79, 0x1C,
  0xCB, 0xE8, 0xF8, 0xB1, 0xE1, 0x29, 0x4C, 0xA3, 0x61, 0x2A, 0x46, 0x95, 0xA8, 0x25, 0x8A, 0x94,
  0xD2, 0x10, 0x25, 0x51, 0x9A, 0xE4, 0x50, 0x39, 0x0C, 0x98, 0x7A, 0x21, 0xCB, 0xE8, 0xF8, 0xB1,
  0x24, 0x1A, 0x86, 0x44, 0x89, 0x42, 0x65, 0x18, 0x12, 0x63, 0x62, 0x89, 0x12, 0x4B, 0x94, 0x58,
  0xA2, 0xC4, 0x12, 0x25, 0x4A, 0x94, 0x55, 0xA2, 0x54, 0x0C, 0x98, 0x7B, 0x1C, 0xCA, 0xE9, 0xF8,
  0xD2, 0x70, 0x98, 0x73, 0xE0, 0x94, 0x84, 0x49, 0x94, 0x44, 0x5A, 0x12, 0x85, 0x49, 0x54, 0x29,
  0x25, 0x51, 0x92, 0x85, 0x91, 0x58, 0x98, 0x84, 0x1C, 0xCB, 0xE8, 0xF8, 0xB1, 0x64, 0x48, 0x06,
  0xAD, 0x9C, 0x0C, 0x8F, 0x51, 0xA2, 0x44, 0x2D, 0x51, 0x4B, 0xD4, 0x12, 0xB5, 0xA4, 0x59, 0x54,
  0x0B, 0x03, 0x98, 0x91, 0x20, 0xCB, 0xE8, 0xB8, 0x72, 0x20, 0x4A, 0x86, 0x21, 0x19, 0xA2, 0x50,
  0x1A, 0x1E, 0xA3, 0x4A, 0x94, 0x58, 0xA2, 0xC4, 0x12, 0x29, 0x89, 0x12, 0x65, 0xD5, 0x2C, 0xAA,
  0x85, 0x01, 0x98, 0x97, 0x21, 0xCB, 0xE8, 0xF8, 0xB1, 0x64, 0x38, 0x24, 0x4A, 0x75, 0x38, 0x24,
  0xC6, 0x64, 0x50, 0xA2, 0x96, 0x68, 0x18, 0x92, 0x28, 0x59, 0x4A, 0x89, 0x25, 0x4B, 0xB2, 0x28,
  0x8B, 0xC2, 0x00, 0x98, 0x98, 0x24, 0xCB, 0xE8, 0x78, 0x86, 0x34, 0x89, 0x86, 0x21, 0x19, 0xA2,
  0x30, 0x4A, 0x06, 0x65, 0x48, 0xB2, 0x38, 0x49, 0x86, 0x41, 0xA9, 0x45, 0x52, 0x92, 0x2C, 0x61,
  0x12, 0x4A, 0x49, 0xAC, 0x0D, 0x43, 0x00, 0x98, 0x9C, 0x1F, 0xCB, 0xE8, 0xB8, 0x72, 0x20, 0x19,
  0x0E, 0x49, 0x54, 0x4D, 0x92, 0x41, 0x19, 0xB6, 0xA4, 0x94, 0x54, 0x94, 0x3E, 0x49, 0x89, 0x26,
  0x25, 0xA1, 0x96, 0x46, 0x6A, 0x18, 0x98, 0x9D, 0x23, 0xCB, 0xE8, 0xB8, 0x72, 0x20, 0x19, 0x0E,
  0x49, 0x96, 0x26, 0xA5, 0x21, 0x9A, 0x2A, 0x4A, 0xA4, 0x64, 0x99, 0x12, 0x25, 0x91, 0x92, 0x0C,
  0x8A, 0x32, 0x65, 0xD9, 0x10, 0x25, 0x4A, 0x98, 0x05, 0x98, 0xCE, 0x1D, 0xCB, 0xE8, 0xF8, 0x91,
  0x6C, 0x18, 0xB4, 0x24, 0xCC, 0xA2, 0xAC, 0x94, 0xD4, 0x4A, 0x59, 0x29, 0x8B, 0x92, 0x5A, 0x94,
  0x55, 0xC2, 0x4C, 0x07, 0x74, 0x28, 0x99, 0x70, 0x21, 0xCB, 0xE8, 0x78, 0xC2, 0x34, 0x4C, 0xA7,
  0x41, 0x89, 0x94, 0x30, 0x1B, 0x06, 0x2D, 0x89, 0x92, 0x2C, 0x89, 0x92, 0x2C, 0x89, 0x92, 0x2C,
  0x89, 0x92, 0x16, 0x4D, 0xCC, 0xB1, 0x0C, 0x99, 0x7F, 0x1F, 0xCB, 0xE8, 0x78, 0xE2, 0x2C, 0x53,
  0xB2, 0x21, 0xE9, 0x94, 0xD4, 0xB2, 0x61, 0x10, 0x93, 0x2C, 0x4C, 0xB2, 0x4C, 0xC9, 0xC2, 0xA8,
  0x12, 0x95, 0xB4, 0x48, 0x0D, 0x03, 0x99, 0x96, 0x1D, 0xCB, 0xE8, 0xB8, 0xC2, 0x38, 0x0A, 0x87,
  0x83, 0x98, 0x23, 0xC3, 0x10, 0xA6, 0xE1, 0x30, 0x84, 0x69, 0x38, 0x0C, 0x61, 0x1A, 0xA6, 0xE1,
  0x30, 0x44, 0x00, 0x9A, 0x6C, 0x1B, 0xCB, 0xE8, 0xF8, 0x81, 0x74, 0x18, 0xD2, 0x2C, 0xCE, 0xE2,
  0x2C, 0xCE, 0xE2, 0x61, 0xD0, 0xB1, 0xE1, 0x90, 0xE4, 0x58, 0x0E, 0xE5, 0x50, 0x04, 0x9A, 0x71,
  0x1E, 0xCB, 0xE8, 0xF8, 0xE2, 0x41, 0x19, 0xB6, 0x24, 0x4E, 0x1A, 0x93, 0x4E, 0x49, 0x29, 0x1B,
  0xA4, 0x58, 0xA9, 0x0D, 0x49, 0x26, 0xED, 0xC8, 0x30, 0x64, 0x39, 0x00, 0x9A, 0x8C, 0x1E, 0xCB,
  0xE8, 0xF8, 0x6A, 0x43, 0x24, 0x47, 0x62, 0x52, 0xCA, 0x92, 0x61, 0x50, 0xEA, 0xC8, 0x10, 0x25,
  0xA9, 0x52, 0x1B, 0x12, 0xC9, 0x14, 0x0F, 0x43, 0x96, 0x03, 0x9A, 0xD8, 0x19, 0xCA, 0xE9, 0x78,
  0xC3, 0xE1, 0x90, 0xA3, 0xC3, 0x58, 0x1C, 0xA6, 0xE1, 0xA0, 0x23, 0xD2, 0x10, 0x49, 0x25, 0x69,
  0x88, 0x74, 0x40, 0x9E, 0xD1, 0x18, 0xBB, 0xF9, 0x78, 0x86, 0x43, 0xD2, 0x94, 0xD4, 0xC2, 0x64,
  0x38, 0xA4, 0xF1, 0xF0, 0x77, 0x38, 0x89, 0x92, 0xA8, 0x63, 0x0C, 0x9E, 0xD8, 0x21, 0xCC, 0xE8,
  0x78, 0x06, 0x29, 0x89, 0x92, 0xA9, 0xB2, 0x44, 0x61, 0x92, 0x0C, 0x43, 0x32, 0x48, 0x71, 0x18,
  0x0E, 0x52, 0x9C, 0xAD, 0x4B, 0x69, 0x8C, 0x2A, 0x89, 0x96, 0x74, 0x0C, 0x9F, 0x50, 0x18, 0xBB,
  0xE8, 0x78, 0x86, 0x63, 0x96, 0x03, 0x39, 0x98, 0x43, 0x49, 0xAC, 0x49, 0x6A, 0xA2, 0x95, 0xB3,
  0x1C, 0xCB, 0xB1, 0x0C, 0xFF, 0x01, 0x0B, 0xA2, 0xFD, 0x38, 0x0E, 0x49, 0x5B, 0x92, 0x00, 0xFF,
  0x08, 0x0D, 0xC4, 0xEE, 0xF8, 0xA2, 0x5A, 0x94, 0x35, 0x66, 0x61, 0x01, 0xFF, 0x09, 0x0D, 0xC4,
  0xEA, 0x38, 0xC2, 0x5A, 0x98, 0x35, 0x65, 0x51, 0x0D, 0xFF, 0x0C, 0x08, 0x32, 0xE9, 0x78, 0x12,
  0x05, 0xFF, 0x1A, 0x08, 0x71, 0x0D, 0x39, 0x34, 0x01, 0xFF, 0x1B, 0x0A, 0x82, 0xFC, 0x78, 0xEA,
  0x40, 0xA2, 0x00, 0xFF, 0x1F, 0x0F, 0xA6, 0xFB, 0x78, 0x86, 0x24, 0xB4, 0x85, 0x69, 0x1D, 0x4C,
  0x23, 0x00
};
